############################## Human at step extract_col_value ##############################

/* Some extract examples are provided based on similar problems: */
/* Answer the following: Please give the name of the course in which most numbers of the students got an A. Also, list the full name of the students who got an A in this course. most number of students got an A refers MAX(COUNT(student_id WHERE grade = 'A')); full name = f_name, l_name; got an A refers to grade = 'A'; */
#reason: The question requires display in order: "name of the course", "full name"."A" is filtering condition.
#columns: course.name, student.f_name, student.l_name, registration.grade, registration.student_id
#values: "A"

/* Answer the following:How much more votes for episode 1 than for episode 5? more votes refers to SUBTRACT(SUM(votes when episode = 1), SUM(votes when episode = 5)) */
#reason: The question requires display in order: "How much more vote". The definition of "more vote" is SUBTRACT(SUM(votes when episode = 1), SUM(votes when episode = 5)). 1, 5 are filtering conditions.
#columns: Episode.episode, Vote.votes
#values: "1", "5"

/* Answer the following: What is the average score of the movie "The Fall of Berlin" in 2019? Average score refers to Avg(rating_score); */
#reason: The question requires display in order: "average score". Average score is Avg(rating_score), "The Fall of Berlin",2019 are filtering conditions.
#columns: ratings.rating_score, ratings.rating_id, ratings.rating_timestamp_utc, movies.movie_title
#values: "The Fall of Berlin", "2019"

/* Answer the following: How many distinct orders were there in 2003 when the quantity ordered was less than 30? "year(orderDate) = '2003'; quantityOrdered < 30;" */
#reason:  The question requires display in order: "How many distinct orders"." in 2003", "less than 30" are filtering conditions.
#columns: orderdetails.orderNumber, orderdetails.quantityOrdered, orders.orderDate
#values: "30", "2003"



/* Database schema */
Database Management System: PostgreSQL
#Database name: meteo
## Table landcover_type:
id: The type is integer, which does not include Null and is Unique. Values format like: [19, 2, 34]
level1_code: The type is integer, which does not include Null and is Non-Unique. Values format like: [4, 2, 5]
level1_label: The type is text, which does not include Null and is Non-Unique. Values format like: ['Forest and semi-natural areas', 'Water bodies', 'Wetlands']
level2_code: The type is integer, which does not include Null and is Non-Unique. Values format like: [22, 21, 24]
level2_label: The type is text, which does not include Null and is Non-Unique. Values format like: ['Marine waters', 'Maritime wetlands', 'Pastures']
level3_code: The type is integer, which does not include Null and is Unique. Values format like: [213, 312, 521]
level3_label: The type is text, which does not include Null and is Unique. Values format like: ['Glaciers and perpetual snow', 'Dump sites', 'Inland marshes']

## Table landcover_upscaled:
latitude: The type is double precision, which does not include Null and is Non-Unique. Values format like: [27.6, 27.5, 27.9]
longitude: The type is double precision, which does not include Null and is Non-Unique. Values format like: [-15.5, -15.2, -17.2]
ranks: The type is ARRAY, which does not include Null and is Non-Unique. Values format like: [[[523, 10929]], [[523, 10614]], [[523, 12]]]

## Table meteo_elevation:
id: The type is integer, which does not include Null and is Unique. Values format like: [16, 53, 31]
latitude: The type is double precision, which does not include Null and is Non-Unique. Values format like: [47.7298, 47.7303, 47.7301]
longitude: The type is double precision, which does not include Null and is Unique. Values format like: [5.8378, 5.8241, 5.8075]
elevation: The type is double precision, which does not include Null and is Unique. Values format like: [262.32, 261.07, 267.04]

## Table meteo_sdmax:
time: The type is timestamp without time zone, which does not include Null and is Non-Unique. Value of this column must in: [datetime.datetime(1991, 1, 1, 11, 0)]
time_bnds_start: The type is timestamp without time zone, which does not include Null and is Non-Unique. Value of this column must in: [datetime.datetime(1991, 1, 1, 0, 0)]
time_bnds_end: The type is timestamp without time zone, which does not include Null and is Non-Unique. Value of this column must in: [datetime.datetime(1991, 1, 1, 23, 0)]
latitude: The type is real, which does not include Null and is Non-Unique. Value of this column must in: [44.0]
longitude: The type is real, which does not include Null and is Unique. Values format like: [17.4, 19.1, 23.5]
sdmax: The type is double precision, which does not include Null and is Non-Unique. Values format like: [0.1543006004608365, 0.005855887968656992, 0.1904323847336456]

## Table meteo_ssrd:
time: The type is timestamp without time zone, which does not include Null and is Non-Unique. Value of this column must in: [datetime.datetime(1991, 1, 1, 0, 0)]
latitude: The type is double precision, which does not include Null and is Non-Unique. Value of this column must in: [48.0, 47.9]
longitude: The type is double precision, which does not include Null and is Non-Unique. Values format like: [5.2, 7.2, 9.8]
ssrd: The type is double precision, which does not include Null and is Unique. Values format like: [2455904.0, 3285964.0, 3006604.0]

## Table meteo_tmax:
time: The type is timestamp without time zone, which does not include Null and is Non-Unique. Value of this column must in: [datetime.datetime(1991, 1, 1, 11, 30)]
time_bnds_start: The type is timestamp without time zone, which does not include Null and is Non-Unique. Value of this column must in: [datetime.datetime(1991, 1, 1, 0, 0)]
time_bnds_end: The type is timestamp without time zone, which does not include Null and is Non-Unique. Value of this column must in: [datetime.datetime(1991, 1, 1, 23, 0)]
latitude: The type is double precision, which does not include Null and is Non-Unique. Value of this column must in: [48.0, 47.9]
longitude: The type is double precision, which does not include Null and is Non-Unique. Values format like: [8.9, 9.600000000000001, 9.3]
tmax: The type is real, which does not include Null and is Non-Unique. Values format like: [278.1831, 276.86865, 280.3921]

## Table meteo_tmean:
time: The type is timestamp without time zone, which does not include Null and is Non-Unique. Value of this column must in: [datetime.datetime(1991, 1, 1, 11, 30)]
time_bnds_start: The type is timestamp without time zone, which does not include Null and is Non-Unique. Value of this column must in: [datetime.datetime(1991, 1, 1, 0, 0)]
time_bnds_end: The type is timestamp without time zone, which does not include Null and is Non-Unique. Value of this column must in: [datetime.datetime(1991, 1, 1, 23, 0)]
latitude: The type is double precision, which does not include Null and is Non-Unique. Value of this column must in: [48.0, 47.9]
longitude: The type is double precision, which does not include Null and is Non-Unique. Values format like: [7.2, 5.1, 9.8]
tmean: The type is real, which does not include Null and is Unique. Values format like: [275.80954, 274.16214, 276.67957]

## Table meteo_tmin:
time: The type is timestamp without time zone, which does not include Null and is Non-Unique. Value of this column must in: [datetime.datetime(1991, 1, 1, 11, 30)]
time_bnds_start: The type is timestamp without time zone, which does not include Null and is Non-Unique. Value of this column must in: [datetime.datetime(1991, 1, 1, 0, 0)]
time_bnds_end: The type is timestamp without time zone, which does not include Null and is Non-Unique. Value of this column must in: [datetime.datetime(1991, 1, 1, 23, 0)]
latitude: The type is double precision, which does not include Null and is Non-Unique. Value of this column must in: [48.0, 47.9]
longitude: The type is double precision, which does not include Null and is Non-Unique. Values format like: [5.9, 5.0, 6.3]
tmin: The type is real, which does not include Null and is Non-Unique. Values format like: [275.60016, 275.70953, 274.0431]

## Table meteo_tp:
time: The type is timestamp without time zone, which does not include Null and is Non-Unique. Value of this column must in: [datetime.datetime(1991, 1, 1, 0, 0)]
latitude: The type is double precision, which does not include Null and is Non-Unique. Value of this column must in: [48.0, 47.9]
longitude: The type is double precision, which does not include Null and is Non-Unique. Values format like: [6.6, 9.4, 6.4]
tp: The type is real, which does not include Null and is Unique. Values format like: [0.0043916972, 0.0024763464, 0.005056289]

## Table meteo_windspeedmax:
time: The type is timestamp without time zone, which does not include Null and is Non-Unique. Value of this column must in: [datetime.datetime(1991, 1, 1, 11, 30)]
time_bnds_start: The type is timestamp without time zone, which does not include Null and is Non-Unique. Value of this column must in: [datetime.datetime(1991, 1, 1, 0, 0)]
time_bnds_end: The type is timestamp without time zone, which does not include Null and is Non-Unique. Value of this column must in: [datetime.datetime(1991, 1, 1, 23, 0)]
latitude: The type is double precision, which does not include Null and is Non-Unique. Value of this column must in: [48.0, 47.9]
longitude: The type is double precision, which does not include Null and is Non-Unique. Values format like: [10.600000000000001, 5.9, 10.7]
windspeedmax: The type is real, which does not include Null and is Unique. Values format like: [4.6727343, 4.60072, 5.389693]

#Foreign keys:


#Database Description: The database encompasses meteorological and geographical data, including weather variables (temperature, precipitation, wind speed, radiation), elevation information, and land cover classifications associated with specific coordinates and timestamps.
#Tables Descriptions:
landcover_type: Hierarchical classification codes and labels for different levels of land cover types.
landcover_upscaled: Geographic coordinates linked to arrays of land cover ranks.
meteo_elevation: Elevation data recorded for specific latitude and longitude coordinates.
meteo_sdmax: Maximum standard deviation values with time boundaries and geographic coordinates.
meteo_ssrd: Surface solar radiation downwards data associated with timestamps and locations.
meteo_tmax: Maximum temperature records including time boundaries and geographic coordinates.
meteo_tmean: Mean temperature records including time boundaries and geographic coordinates.
meteo_tmin: Minimum temperature records including time boundaries and geographic coordinates.
meteo_tp: Total precipitation data associated with timestamps and locations.
meteo_windspeedmax: Maximum wind speed records including time boundaries and geographic coordinates.


Attention:
1. if the question have when\where\which, pay attention to pick table.column related to time, location and name in #columns
2. Please answer the question in the following format without any other content:
```
#reason: Analysis of which columns and values might be relevant to the question. Note that when dealing with questions about time, who, which, what, etc., you should keep column related to time, names, and locations in the #column.(format: The question query xxx, the related column include table.column, the values include values)
#columns: The top 10 columns relevant to the question( format: table.column_1, table.column_2 ...)
#values: Potential filter values that the question might query(format: "value1", "value2" ...)
```
/* Answer the following: Compare annual average temperatures in 2021 between the dominant landcovers of forest and urban in the Canton of Zurich. None */


############################## AI at step extract_col_value ##############################

```
#reason: The question asks to compare annual average temperatures in 2021 between dominant land covers of "forest" and "urban" in the Canton of Zurich. This requires linking temperature data (from meteo_tmean, which contains tmean) with land cover types. However, land cover information is in landcover_type (with level1_label like 'Forest and semi-natural areas') and landcover_upscaled (which links coordinates to land cover ranks), but there is no direct geographic or administrative boundary for "Canton of Zurich" in the schema. Also, no column explicitly identifies "urban" or "forest" as dominant land cover at a specific location with 2021 timestamps. The time column in meteo_tmean can be filtered for 2021, and latitude/longitude can be matched with landcover_upscaled, but without a clear mapping from landcover_upscaled.ranks to level1_label (e.g., 'Forest and semi-natural areas' for forest, and no urban label present), and no Zurich boundary data, the required join and filtering cannot be performed with given schema. Thus, the question cannot be answered with the provided tables.
#columns: meteo_tmean.time, meteo_tmean.tmean, meteo_tmean.latitude, meteo_tmean.longitude, landcover_upscaled.latitude, landcover_upscaled.longitude, landcover_upscaled.ranks, landcover_type.level1_label
#values: "2021", "Forest and semi-natural areas"
```

############################## Human at step extract_query_noun ##############################

Please extract all nouns and phrases from the following sentence, separating the results directly with a comma( format: "noun_1", "noun_2","phrases" ):
Compare annual average temperatures in 2021 between the dominant landcovers of forest and urban in the Canton of Zurich. None

############################## AI at step extract_query_noun ##############################

"annual average temperatures", "2021", "dominant landcovers", "forest", "urban", "Canton of Zurich"

############################## Human at step column_retrieve_and_other_info ##############################

现在我们定义一个问句的语法原子单元如下:
Q: 询问词: 如 calculate\ Include\ List\ List out\ List all\ give\ state\ Name\ In which\ How many\  which\ what\ who\ when\ provide\ Tally\ identify\ Find\ mention\ write等
J: 判断词： 如 Do\ Did\ If\ Is\ Are等
I: 查询内容: 查询的主体内容, 如: name, ID, date, location, item, biggest city.
C: 条件句: 通过介词和连词引入的查询的要求或属性, 如大于、等于、排序、聚合等. 介词和连词有: of\ have\ with\ that\ by. 条件句的形式例子有: with condition\ have condition\ of attribute\ that was condition


一个问题通过这些原子串联起来。常见的串联方式有
QIC(询问句): List the student with score more than 80: Q: 'List' I: 'the student' C: 'with score more than 80'
JC(判断句): State if Tom is a Cat? : J: 'State if C: is a Cat?'
C(条件句): For all people in Beijing
现在请你针对下面的问题, 把问题中的内容按照上述原子定义提取出来
问题如下: Compare annual average temperatures in 2021 between the dominant landcovers of forest and urban in the Canton of Zurich.

请按照下面的json格式进行回答:

```json
[{"Type":"类型(QIC,JC,C)",
"Extract":{//不存在的填null
    "Q":"询问词",
    "J":"判断词",
    "I":['查询内容a', '查询内容b'],//只有查询内容用and或alongside连接时,才分成多个实体填入List
    "C":["条件句a","属性b"]
}},
{}]
```

############################## AI at step column_retrieve_and_other_info ##############################

```json
[
  {
    "Type": "QIC",
    "Extract": {
      "Q": "Compare",
      "J": null,
      "I": ["annual average temperatures"],
      "C": [
        "in 2021",
        "between the dominant landcovers of forest and urban",
        "in the Canton of Zurich"
      ]
    }
  }
]
```

############################## Human at step candidate_generate ##############################



/* Database schema */
Database Management System: PostgreSQL
#Database name: meteo
landcover_type.level1_label: The type is text, which does not include Null and is Non-Unique. Values format like: ['Forest and semi-natural areas', 'Water bodies', 'Wetlands']
landcover_type.level2_label: The type is text, which does not include Null and is Non-Unique. Values format like: ['Marine waters', 'Maritime wetlands', 'Pastures']
landcover_upscaled.latitude: The type is double precision, which does not include Null and is Non-Unique. Values format like: [27.6, 27.5, 27.9]
landcover_upscaled.longitude: The type is double precision, which does not include Null and is Non-Unique. Values format like: [-15.5, -15.2, -17.2]
landcover_upscaled.ranks: The type is ARRAY, which does not include Null and is Non-Unique. Values format like: [[[523, 10929]], [[523, 10614]], [[523, 12]]]
meteo_elevation.latitude: The type is double precision, which does not include Null and is Non-Unique. Values format like: [47.7298, 47.7303, 47.7301]
meteo_elevation.longitude: The type is double precision, which does not include Null and is Unique. Values format like: [5.8378, 5.8241, 5.8075]
meteo_sdmax.latitude: The type is real, which does not include Null and is Non-Unique. Value of this column must in: [44.0]
meteo_sdmax.longitude: The type is real, which does not include Null and is Unique. Values format like: [17.4, 19.1, 23.5]
meteo_sdmax.time: The type is timestamp without time zone, which does not include Null and is Non-Unique. Value of this column must in: [datetime.datetime(1991, 1, 1, 11, 0)]
meteo_ssrd.latitude: The type is double precision, which does not include Null and is Non-Unique. Value of this column must in: [48.0, 47.9]
meteo_ssrd.longitude: The type is double precision, which does not include Null and is Non-Unique. Values format like: [5.2, 7.2, 9.8]
meteo_ssrd.time: The type is timestamp without time zone, which does not include Null and is Non-Unique. Value of this column must in: [datetime.datetime(1991, 1, 1, 0, 0)]
meteo_tmax.latitude: The type is double precision, which does not include Null and is Non-Unique. Value of this column must in: [48.0, 47.9]
meteo_tmax.longitude: The type is double precision, which does not include Null and is Non-Unique. Values format like: [8.9, 9.600000000000001, 9.3]
meteo_tmax.time: The type is timestamp without time zone, which does not include Null and is Non-Unique. Value of this column must in: [datetime.datetime(1991, 1, 1, 11, 30)]
meteo_tmean.latitude: The type is double precision, which does not include Null and is Non-Unique. Value of this column must in: [48.0, 47.9]
meteo_tmean.longitude: The type is double precision, which does not include Null and is Non-Unique. Values format like: [7.2, 5.1, 9.8]
meteo_tmean.time: The type is timestamp without time zone, which does not include Null and is Non-Unique. Value of this column must in: [datetime.datetime(1991, 1, 1, 11, 30)]
meteo_tmean.tmean: The type is real, which does not include Null and is Unique. Values format like: [275.80954, 274.16214, 276.67957]
meteo_tmin.latitude: The type is double precision, which does not include Null and is Non-Unique. Value of this column must in: [48.0, 47.9]
meteo_tmin.longitude: The type is double precision, which does not include Null and is Non-Unique. Values format like: [5.9, 5.0, 6.3]
meteo_tmin.time: The type is timestamp without time zone, which does not include Null and is Non-Unique. Value of this column must in: [datetime.datetime(1991, 1, 1, 11, 30)]
meteo_tp.latitude: The type is double precision, which does not include Null and is Non-Unique. Value of this column must in: [48.0, 47.9]
meteo_tp.longitude: The type is double precision, which does not include Null and is Non-Unique. Values format like: [6.6, 9.4, 6.4]
meteo_tp.time: The type is timestamp without time zone, which does not include Null and is Non-Unique. Value of this column must in: [datetime.datetime(1991, 1, 1, 0, 0)]
meteo_windspeedmax.latitude: The type is double precision, which does not include Null and is Non-Unique. Value of this column must in: [48.0, 47.9]
meteo_windspeedmax.longitude: The type is double precision, which does not include Null and is Non-Unique. Values format like: [10.600000000000001, 5.9, 10.7]
meteo_windspeedmax.time: The type is timestamp without time zone, which does not include Null and is Non-Unique. Value of this column must in: [datetime.datetime(1991, 1, 1, 11, 30)]

#Foreign keys:


#Values in Database:
landcover_type.level1_label: 'Forest and semi-natural areas'
landcover_type.level2_label: 'Forests'

# Based on the database schema and the examples above, pay attention to the following:
1. For parts involving division that contain integer types, CAST them to NUMERIC (e.g., CAST(col AS NUMERIC) or col::numeric).
2. "#Values in Database" display part values from the database. Please ignore the unnecessary values.
3. If "#GEO_CONTEXT" is provided, use it as a spatial grounding constraint. Use only coordinates/bounds that appear in GEO_CONTEXT; do not invent place names or geometry values.
4. If "#ONTOLOGY_GROUNDED_FUNCTION" is provided, treat it as an executable semantic constraint package (thresholds, temporal logic, aggregation hints). Map it only to existing schema columns/functions.
5. When GEO/ontology context conflicts with schema feasibility, keep SQL executable and prioritize schema-valid expressions.
6. For landcover questions, never join landcover_upscaled to landcover_type directly on latitude/longitude. Expand landcover_upscaled.ranks first (UNNEST or generate_subscripts), then join level3 code.
7. Please refer to the examples above and answer in the following format without any other content:
```
#reason: Analyze how to generate SQL based on the question.(format: the question want to ..., so the SQL SELECT ... and ...)
#columns: All columns ultimately used in SQL(format: table.column_1, table.column_2)
#values: the filter in SQL (format: 'filter in question' refer to 'table.column <op> value'. e.g. 'name is not tom' refer to name <> 'tom', 'in 2007' refer to "EXTRACT(YEAR FROM Date) = 2007")
#SELECT: SELECT content (format like: 'query in question' refer to table.column. The order of columns in the SELECT clause must be the same as the order in the question.)
#SQL-like: SQL-like statements ignoring Join conditions
#SQL: SQL
```

/* Answer the following: Compare annual average temperatures in 2021 between the dominant landcovers of forest and urban in the Canton of Zurich. None */
['annual average temperatures']
#GEO_CONTEXT:
{
  "place": "Canton of Zurich",
  "points": [
    {
      "lon": "8.4",
      "lat": "47.4"
    },
    {
      "lon": "8.4",
      "lat": "47.5"
    },
    {
      "lon": "8.5",
      "lat": "47.3"
    },
    {
      "lon": "8.5",
      "lat": "47.4"
    },
    {
      "lon": "8.5",
      "lat": "47.5"
    },
    {
      "lon": "8.5",
      "lat": "47.6"
    },
    {
      "lon": "8.6",
      "lat": "47.3"
    },
    {
      "lon": "8.6",
      "lat": "47.4"
    },
    {
      "lon": "8.6",
      "lat": "47.5"
    },
    {
      "lon": "8.6",
      "lat": "47.6"
    },
    {
      "lon": "8.7",
      "lat": "47.2"
    },
    {
      "lon": "8.7",
      "lat": "47.3"
    },
    {
      "lon": "8.7",
      "lat": "47.4"
    },
    {
      "lon": "8.7",
      "lat": "47.5"
    },
    {
      "lon": "8.7",
      "lat": "47.6"
    },
    {
      "lon": "8.8",
      "lat": "47.3"
    },
    {
      "lon": "8.8",
      "lat": "47.4"
    },
    {
      "lon": "8.8",
      "lat": "47.5"
    }
  ],
  "resolution": "places_dict"
}
#ONTOLOGY_GROUNDED_FUNCTION:
{
  "schema_version": "ontology_grounded_function.v1",
  "question": "Compare annual average temperatures in 2021 between the dominant landcovers of forest and urban in the Canton of Zurich. None",
  "anchor": "HeatWave",
  "target_variable": "MaximumTemperature",
  "hops": 3,
  "semantic_chain": [
    "HeatWave",
    "HeatDay",
    "HeatDayThreshold35C",
    "MaximumTemperature"
  ],
  "function_specs": [
    {
      "name": "KelvinToCelsiusRule",
      "inputs": [
        "MaximumTemperature"
      ],
      "semantics": "Apply ontology-declared unit conversion before threshold comparison (K -> DEG_C).",
      "pseudo_code_template": "MaximumTemperature_converted := apply_conversion(MaximumTemperature)  # value_celsius = value_kelvin - 273.15"
    },
    {
      "name": "HeatDayThreshold35C",
      "inputs": [
        "KelvinToCelsiusRule(MaximumTemperature)"
      ],
      "semantics": "Apply explicit operator from ontology threshold config.",
      "pseudo_code_template": "HeatDay := (MaximumTemperature_converted >= 35.0)"
    },
    {
      "name": "HeatWave",
      "inputs": [
        "HeatDaySeries",
        "hasDuration"
      ],
      "semantics": "Anchor event constructor from tuple semantics (consistsOf + hasDuration).",
      "pseudo_code_template": "HeatWave(HeatDaySeries) := consecutive(HeatDay) >= 3"
    }
  ],
  "composition_order": [
    "KelvinToCelsiusRule",
    "HeatDayThreshold35C",
    "HeatWave"
  ],
  "constraints": [
    "operator sourced from hasOperator",
    "threshold unit sourced from hasThresholdUnit",
    "duration sourced from hasDuration",
    "unit mismatch triggers conversion via UnitConversionRule graph search (rdf:type hierarchy, fromUnit/toUnit/hasSqlExpression)"
  ]
}


############################## AI at step candidate_generate ##############################

['```\n#reason: The question asks to compare annual average temperatures in 2021 be', '```\n#reason: The question asks to compare annual average temperatures in 2021 be', '```\n#reason: The question asks to compare annual average temperatures in 2021 be', '```\n#reason: The question asks to compare annual average temperatures in 2021 be', '```\n#reason: The question asks to compare annual average temperatures in 2021 be']

############################## Human at step align_correct ##############################

You are an expert in SQL. Here are some examples of fix SQL


/* Database schema is as follows: */
Database Management System: PostgreSQL
#Database name: meteo
landcover_type.level1_label: The type is text, which does not include Null and is Non-Unique. Values format like: ['Forest and semi-natural areas', 'Water bodies', 'Wetlands']
landcover_type.level2_label: The type is text, which does not include Null and is Non-Unique. Values format like: ['Marine waters', 'Maritime wetlands', 'Pastures']
landcover_upscaled.latitude: The type is double precision, which does not include Null and is Non-Unique. Values format like: [27.6, 27.5, 27.9]
landcover_upscaled.longitude: The type is double precision, which does not include Null and is Non-Unique. Values format like: [-15.5, -15.2, -17.2]
landcover_upscaled.ranks: The type is ARRAY, which does not include Null and is Non-Unique. Values format like: [[[523, 10929]], [[523, 10614]], [[523, 12]]]
meteo_elevation.latitude: The type is double precision, which does not include Null and is Non-Unique. Values format like: [47.7298, 47.7303, 47.7301]
meteo_elevation.longitude: The type is double precision, which does not include Null and is Unique. Values format like: [5.8378, 5.8241, 5.8075]
meteo_sdmax.latitude: The type is real, which does not include Null and is Non-Unique. Value of this column must in: [44.0]
meteo_sdmax.longitude: The type is real, which does not include Null and is Unique. Values format like: [17.4, 19.1, 23.5]
meteo_sdmax.time: The type is timestamp without time zone, which does not include Null and is Non-Unique. Value of this column must in: [datetime.datetime(1991, 1, 1, 11, 0)]
meteo_ssrd.latitude: The type is double precision, which does not include Null and is Non-Unique. Value of this column must in: [48.0, 47.9]
meteo_ssrd.longitude: The type is double precision, which does not include Null and is Non-Unique. Values format like: [5.2, 7.2, 9.8]
meteo_ssrd.time: The type is timestamp without time zone, which does not include Null and is Non-Unique. Value of this column must in: [datetime.datetime(1991, 1, 1, 0, 0)]
meteo_tmax.latitude: The type is double precision, which does not include Null and is Non-Unique. Value of this column must in: [48.0, 47.9]
meteo_tmax.longitude: The type is double precision, which does not include Null and is Non-Unique. Values format like: [8.9, 9.600000000000001, 9.3]
meteo_tmax.time: The type is timestamp without time zone, which does not include Null and is Non-Unique. Value of this column must in: [datetime.datetime(1991, 1, 1, 11, 30)]
meteo_tmean.latitude: The type is double precision, which does not include Null and is Non-Unique. Value of this column must in: [48.0, 47.9]
meteo_tmean.longitude: The type is double precision, which does not include Null and is Non-Unique. Values format like: [7.2, 5.1, 9.8]
meteo_tmean.time: The type is timestamp without time zone, which does not include Null and is Non-Unique. Value of this column must in: [datetime.datetime(1991, 1, 1, 11, 30)]
meteo_tmean.tmean: The type is real, which does not include Null and is Unique. Values format like: [275.80954, 274.16214, 276.67957]
meteo_tmin.latitude: The type is double precision, which does not include Null and is Non-Unique. Value of this column must in: [48.0, 47.9]
meteo_tmin.longitude: The type is double precision, which does not include Null and is Non-Unique. Values format like: [5.9, 5.0, 6.3]
meteo_tmin.time: The type is timestamp without time zone, which does not include Null and is Non-Unique. Value of this column must in: [datetime.datetime(1991, 1, 1, 11, 30)]
meteo_tp.latitude: The type is double precision, which does not include Null and is Non-Unique. Value of this column must in: [48.0, 47.9]
meteo_tp.longitude: The type is double precision, which does not include Null and is Non-Unique. Values format like: [6.6, 9.4, 6.4]
meteo_tp.time: The type is timestamp without time zone, which does not include Null and is Non-Unique. Value of this column must in: [datetime.datetime(1991, 1, 1, 0, 0)]
meteo_windspeedmax.latitude: The type is double precision, which does not include Null and is Non-Unique. Value of this column must in: [48.0, 47.9]
meteo_windspeedmax.longitude: The type is double precision, which does not include Null and is Non-Unique. Values format like: [10.600000000000001, 5.9, 10.7]
meteo_windspeedmax.time: The type is timestamp without time zone, which does not include Null and is Non-Unique. Value of this column must in: [datetime.datetime(1991, 1, 1, 11, 30)]

#Foreign keys:


#Values in Database:
landcover_type.level1_label: 'Forest and semi-natural areas'
landcover_type.level2_label: 'Forests'

/* Now Please fix the following error SQL */
#question: Compare annual average temperatures in 2021 between the dominant landcovers of forest and urban in the Canton of Zurich. None
#Error SQL: SELECT lc.level1_label, (AVG(mt.tmean) - 273.15) AS avg_temperature FROM meteo_tmean mt JOIN landcover_upscaled lu ON mt.latitude = lu.latitude AND mt.longitude = lu.longitude JOIN ( SELECT unnest(ranks) AS rank FROM landcover_upscaled ) AS unnested ON unnested.rank[1][1] = lc.code JOIN landcover_type lc ON lc.code = unnested.rank[1][1] WHERE EXTRACT(YEAR FROM mt.time) = '2021' AND mt.latitude BETWEEN 47.2 AND 47.6 AND mt.longitude BETWEEN 8.4 AND 8.8 GROUP BY lc.level1_label;
Error: cannot subscript type integer because it does not support subscripting
LINE 1: ... AS rank FROM landcover_upscaled ) AS unnested ON unnested.r...
                                                             ^



Please answer according to the format below and do not output any other content.:
```
#reason: Analysis of How to fix the error
#SQL: right SQL
```

############################## AI at step align_correct ##############################

```
#reason: The error occurs because `unnest(ranks)` returns an array of integers (e.g., [[523, 10929]]), and the code attempts to subscript it with `unnested.rank[1][1]`, but `rank` is already an array (e.g., {523, 10929}), not a multidimensional array. PostgreSQL does not allow subscripting an integer, and the structure of `ranks` is a 2D array, so we need to properly extract the first element of the inner array. The correct approach is to use `unnest(ranks)` to get each inner array, then access its first element using `[1]`. Additionally, the `landcover_type` table is referenced by `lc.code`, but there is no `code` column defined in the schema — it is likely that `level1_label` or `level2_label` should be matched, but based on the schema, the `ranks` array likely contains IDs that map to a hidden or implied `code` column. Since the schema does not define a `code` column, we assume the first element of each inner array in `ranks` is a foreign key to `landcover_type` (e.g., the integer 523 corresponds to a row in `landcover_type`). We fix the query by properly extracting the first element of the unnested array and joining on that as the code.
#SQL: SELECT lc.level1_label, (AVG(mt.tmean) - 273.15) AS avg_temperature 
FROM meteo_tmean mt 
JOIN landcover_upscaled lu ON mt.latitude = lu.latitude AND mt.longitude = lu.longitude 
JOIN (SELECT unnest(ranks) AS rank FROM landcover_upscaled) AS unnested ON unnested.rank[1] = lc.code 
JOIN landcover_type lc ON lc.code = unnested.rank[1] 
WHERE EXTRACT(YEAR FROM mt.time) = 2021 
  AND mt.latitude BETWEEN 47.2 AND 47.6 
  AND mt.longitude BETWEEN 8.4 AND 8.8 
GROUP BY lc.level1_label;
```

############################## Human at step align_correct ##############################

You are an expert in SQL. Here are some examples of fix SQL


/* Database schema is as follows: */
Database Management System: PostgreSQL
#Database name: meteo
landcover_type.level1_label: The type is text, which does not include Null and is Non-Unique. Values format like: ['Forest and semi-natural areas', 'Water bodies', 'Wetlands']
landcover_type.level2_label: The type is text, which does not include Null and is Non-Unique. Values format like: ['Marine waters', 'Maritime wetlands', 'Pastures']
landcover_upscaled.latitude: The type is double precision, which does not include Null and is Non-Unique. Values format like: [27.6, 27.5, 27.9]
landcover_upscaled.longitude: The type is double precision, which does not include Null and is Non-Unique. Values format like: [-15.5, -15.2, -17.2]
landcover_upscaled.ranks: The type is ARRAY, which does not include Null and is Non-Unique. Values format like: [[[523, 10929]], [[523, 10614]], [[523, 12]]]
meteo_elevation.latitude: The type is double precision, which does not include Null and is Non-Unique. Values format like: [47.7298, 47.7303, 47.7301]
meteo_elevation.longitude: The type is double precision, which does not include Null and is Unique. Values format like: [5.8378, 5.8241, 5.8075]
meteo_sdmax.latitude: The type is real, which does not include Null and is Non-Unique. Value of this column must in: [44.0]
meteo_sdmax.longitude: The type is real, which does not include Null and is Unique. Values format like: [17.4, 19.1, 23.5]
meteo_sdmax.time: The type is timestamp without time zone, which does not include Null and is Non-Unique. Value of this column must in: [datetime.datetime(1991, 1, 1, 11, 0)]
meteo_ssrd.latitude: The type is double precision, which does not include Null and is Non-Unique. Value of this column must in: [48.0, 47.9]
meteo_ssrd.longitude: The type is double precision, which does not include Null and is Non-Unique. Values format like: [5.2, 7.2, 9.8]
meteo_ssrd.time: The type is timestamp without time zone, which does not include Null and is Non-Unique. Value of this column must in: [datetime.datetime(1991, 1, 1, 0, 0)]
meteo_tmax.latitude: The type is double precision, which does not include Null and is Non-Unique. Value of this column must in: [48.0, 47.9]
meteo_tmax.longitude: The type is double precision, which does not include Null and is Non-Unique. Values format like: [8.9, 9.600000000000001, 9.3]
meteo_tmax.time: The type is timestamp without time zone, which does not include Null and is Non-Unique. Value of this column must in: [datetime.datetime(1991, 1, 1, 11, 30)]
meteo_tmean.latitude: The type is double precision, which does not include Null and is Non-Unique. Value of this column must in: [48.0, 47.9]
meteo_tmean.longitude: The type is double precision, which does not include Null and is Non-Unique. Values format like: [7.2, 5.1, 9.8]
meteo_tmean.time: The type is timestamp without time zone, which does not include Null and is Non-Unique. Value of this column must in: [datetime.datetime(1991, 1, 1, 11, 30)]
meteo_tmean.tmean: The type is real, which does not include Null and is Unique. Values format like: [275.80954, 274.16214, 276.67957]
meteo_tmin.latitude: The type is double precision, which does not include Null and is Non-Unique. Value of this column must in: [48.0, 47.9]
meteo_tmin.longitude: The type is double precision, which does not include Null and is Non-Unique. Values format like: [5.9, 5.0, 6.3]
meteo_tmin.time: The type is timestamp without time zone, which does not include Null and is Non-Unique. Value of this column must in: [datetime.datetime(1991, 1, 1, 11, 30)]
meteo_tp.latitude: The type is double precision, which does not include Null and is Non-Unique. Value of this column must in: [48.0, 47.9]
meteo_tp.longitude: The type is double precision, which does not include Null and is Non-Unique. Values format like: [6.6, 9.4, 6.4]
meteo_tp.time: The type is timestamp without time zone, which does not include Null and is Non-Unique. Value of this column must in: [datetime.datetime(1991, 1, 1, 0, 0)]
meteo_windspeedmax.latitude: The type is double precision, which does not include Null and is Non-Unique. Value of this column must in: [48.0, 47.9]
meteo_windspeedmax.longitude: The type is double precision, which does not include Null and is Non-Unique. Values format like: [10.600000000000001, 5.9, 10.7]
meteo_windspeedmax.time: The type is timestamp without time zone, which does not include Null and is Non-Unique. Value of this column must in: [datetime.datetime(1991, 1, 1, 11, 30)]

#Foreign keys:


#Values in Database:
landcover_type.level1_label: 'Forest and semi-natural areas'
landcover_type.level2_label: 'Forests'

/* Now Please fix the following error SQL */
#question: Compare annual average temperatures in 2021 between the dominant landcovers of forest and urban in the Canton of Zurich. None
#Error SQL: SELECT (AVG(meteo_tmean.tmean) - 273.15) FROM meteo_tmean JOIN landcover_upscaled ON meteo_tmean.latitude = landcover_upscaled.latitude AND meteo_tmean.longitude = landcover_upscaled.longitude JOIN LATERAL UNNEST(landcover_upscaled.ranks) AS rank ON TRUE JOIN landcover_type ON rank[1][1] = landcover_type.level3_code WHERE EXTRACT(YEAR FROM meteo_tmean.time) = '2021' AND landcover_type.level2_label = 'Forests' AND meteo_tmean.latitude BETWEEN 47.2 AND 47.6 AND meteo_tmean.longitude BETWEEN 8.4 AND 8.8
Error: cannot subscript type integer because it does not support subscripting
LINE 1: ...led.ranks) AS rank ON TRUE JOIN landcover_type ON rank[1][1]...
                                                             ^



Please answer according to the format below and do not output any other content.:
```
#reason: Analysis of How to fix the error
#SQL: right SQL
```

############################## AI at step align_correct ##############################

```
#reason: The error occurs because `landcover_upscaled.ranks` is an ARRAY of arrays (e.g., [[[523, 10929]]]), and the query attempts to subscript `rank[1][1]` directly on the result of `UNNEST(landcover_upscaled.ranks)`. However, `UNNEST` flattens the outermost array level, so `rank` becomes a single element of type `integer[]` (e.g., [523, 10929]), not a 3D array. Therefore, `rank[1][1]` fails because `rank` is a 1D integer array, not a 2D array. To fix this, we need to properly access the first element of the inner array using `rank[1]` to get the first integer (the landcover code), and then join it with `landcover_type.level3_code`. Also, the schema does not define `level3_code` — based on context, it's likely that `landcover_type` has `level1_label` and `level2_label`, but no `level3_code` column. Since the example shows `level1_label: 'Forest and semi-natural areas'` and `level2_label: 'Forests'`, and the query references `level2_label = 'Forests'`, we should join on the first value in the inner array (rank[1]) with a column that represents the landcover code. However, since no `level3_code` exists in the schema, and the example data only shows level1 and level2 labels, we must assume the first integer in `ranks` (e.g., 523) corresponds to a code in `landcover_type` — but the schema doesn't specify such a column. Given the constraints, the most plausible fix is to assume the first integer in the inner array corresponds to `level1_label` or `level2_label` — but since those are TEXT, not integers, this suggests a schema mismatch. However, since the error is about subscripting, we fix the immediate syntax: we access `rank[1]` to get the integer code, and assume there's a `level3_code` column in `landcover_type` (even if not listed, it must exist for the query to make sense). If not, the schema is incomplete. For the purpose of fixing the given error, we assume `landcover_type` has an `level3_code` of type integer. The fix is to use `rank[1]` (not `rank[1][1]`) to extract the first element of the inner array.
#SQL: SELECT (AVG(meteo_tmean.tmean) - 273.15) FROM meteo_tmean JOIN landcover_upscaled ON meteo_tmean.latitude = landcover_upscaled.latitude AND meteo_tmean.longitude = landcover_upscaled.longitude JOIN LATERAL UNNEST(landcover_upscaled.ranks) AS rank ON TRUE JOIN landcover_type ON rank[1] = landcover_type.level3_code WHERE EXTRACT(YEAR FROM meteo_tmean.time) = 2021 AND landcover_type.level2_label IN ('Forests', 'Urban areas') AND meteo_tmean.latitude BETWEEN 47.2 AND 47.6 AND meteo_tmean.longitude BETWEEN 8.4 AND 8.8
```

############################## Human at step align_correct ##############################

You are an expert in SQL. Here are some examples of fix SQL


/* Database schema is as follows: */
Database Management System: PostgreSQL
#Database name: meteo
landcover_type.level1_label: The type is text, which does not include Null and is Non-Unique. Values format like: ['Forest and semi-natural areas', 'Water bodies', 'Wetlands']
landcover_type.level2_label: The type is text, which does not include Null and is Non-Unique. Values format like: ['Marine waters', 'Maritime wetlands', 'Pastures']
landcover_upscaled.latitude: The type is double precision, which does not include Null and is Non-Unique. Values format like: [27.6, 27.5, 27.9]
landcover_upscaled.longitude: The type is double precision, which does not include Null and is Non-Unique. Values format like: [-15.5, -15.2, -17.2]
landcover_upscaled.ranks: The type is ARRAY, which does not include Null and is Non-Unique. Values format like: [[[523, 10929]], [[523, 10614]], [[523, 12]]]
meteo_elevation.latitude: The type is double precision, which does not include Null and is Non-Unique. Values format like: [47.7298, 47.7303, 47.7301]
meteo_elevation.longitude: The type is double precision, which does not include Null and is Unique. Values format like: [5.8378, 5.8241, 5.8075]
meteo_sdmax.latitude: The type is real, which does not include Null and is Non-Unique. Value of this column must in: [44.0]
meteo_sdmax.longitude: The type is real, which does not include Null and is Unique. Values format like: [17.4, 19.1, 23.5]
meteo_sdmax.time: The type is timestamp without time zone, which does not include Null and is Non-Unique. Value of this column must in: [datetime.datetime(1991, 1, 1, 11, 0)]
meteo_ssrd.latitude: The type is double precision, which does not include Null and is Non-Unique. Value of this column must in: [48.0, 47.9]
meteo_ssrd.longitude: The type is double precision, which does not include Null and is Non-Unique. Values format like: [5.2, 7.2, 9.8]
meteo_ssrd.time: The type is timestamp without time zone, which does not include Null and is Non-Unique. Value of this column must in: [datetime.datetime(1991, 1, 1, 0, 0)]
meteo_tmax.latitude: The type is double precision, which does not include Null and is Non-Unique. Value of this column must in: [48.0, 47.9]
meteo_tmax.longitude: The type is double precision, which does not include Null and is Non-Unique. Values format like: [8.9, 9.600000000000001, 9.3]
meteo_tmax.time: The type is timestamp without time zone, which does not include Null and is Non-Unique. Value of this column must in: [datetime.datetime(1991, 1, 1, 11, 30)]
meteo_tmean.latitude: The type is double precision, which does not include Null and is Non-Unique. Value of this column must in: [48.0, 47.9]
meteo_tmean.longitude: The type is double precision, which does not include Null and is Non-Unique. Values format like: [7.2, 5.1, 9.8]
meteo_tmean.time: The type is timestamp without time zone, which does not include Null and is Non-Unique. Value of this column must in: [datetime.datetime(1991, 1, 1, 11, 30)]
meteo_tmean.tmean: The type is real, which does not include Null and is Unique. Values format like: [275.80954, 274.16214, 276.67957]
meteo_tmin.latitude: The type is double precision, which does not include Null and is Non-Unique. Value of this column must in: [48.0, 47.9]
meteo_tmin.longitude: The type is double precision, which does not include Null and is Non-Unique. Values format like: [5.9, 5.0, 6.3]
meteo_tmin.time: The type is timestamp without time zone, which does not include Null and is Non-Unique. Value of this column must in: [datetime.datetime(1991, 1, 1, 11, 30)]
meteo_tp.latitude: The type is double precision, which does not include Null and is Non-Unique. Value of this column must in: [48.0, 47.9]
meteo_tp.longitude: The type is double precision, which does not include Null and is Non-Unique. Values format like: [6.6, 9.4, 6.4]
meteo_tp.time: The type is timestamp without time zone, which does not include Null and is Non-Unique. Value of this column must in: [datetime.datetime(1991, 1, 1, 0, 0)]
meteo_windspeedmax.latitude: The type is double precision, which does not include Null and is Non-Unique. Value of this column must in: [48.0, 47.9]
meteo_windspeedmax.longitude: The type is double precision, which does not include Null and is Non-Unique. Values format like: [10.600000000000001, 5.9, 10.7]
meteo_windspeedmax.time: The type is timestamp without time zone, which does not include Null and is Non-Unique. Value of this column must in: [datetime.datetime(1991, 1, 1, 11, 30)]

#Foreign keys:


#Values in Database:
landcover_type.level1_label: 'Forest and semi-natural areas'
landcover_type.level2_label: 'Forests'

/* Now Please fix the following error SQL */
#question: Compare annual average temperatures in 2021 between the dominant landcovers of forest and urban in the Canton of Zurich. None
#Error SQL: SELECT (AVG(meteo_tmean.tmean) - 273.15) AS annual_avg_temp, landcover_type.level2_label FROM meteo_tmean JOIN landcover_upscaled ON ABS(meteo_tmean.latitude - landcover_upscaled.latitude) < 0.001 AND ABS(meteo_tmean.longitude - landcover_upscaled.longitude) < 0.001 JOIN LATERAL UNNEST(landcover_upscaled.ranks) AS rank ON TRUE JOIN landcover_type ON rank[1][1] = landcover_type.level3_code WHERE EXTRACT(YEAR FROM meteo_tmean.time) = '2021' AND meteo_tmean.latitude BETWEEN 47.2 AND 47.6 AND meteo_tmean.longitude BETWEEN 8.4 AND 8.8 AND landcover_type.level2_label = 'Forests' GROUP BY landcover_type.level2_label;
Error: cannot subscript type integer because it does not support subscripting
LINE 1: ...led.ranks) AS rank ON TRUE JOIN landcover_type ON rank[1][1]...
                                                             ^



Please answer according to the format below and do not output any other content.:
```
#reason: Analysis of How to fix the error
#SQL: right SQL
```

############################## AI at step align_correct ##############################

```
#reason: The error occurs because `landcover_upscaled.ranks` is an ARRAY of arrays (e.g., [[[523, 10929]]]), and the query attempts to subscript `rank[1][1]` where `rank` is the result of `UNNEST(landcover_upscaled.ranks)`. However, `UNNEST` on a 3D array like [[[523, 10929]]] produces a 2D array element (e.g., [523, 10929]), not an integer. Thus, `rank[1][1]` fails because `rank` is a 1D array, not a 2D array. The correct approach is to first unnest the outermost array to get the 2D arrays, then access the first element of the inner array using `rank[1]` (since the inner array is [523, 10929], and 523 is the code we need). Also, the condition `landcover_type.level2_label = 'Forests'` should be changed to match the example value 'Forests' from the database, but the question asks for 'forest and urban' — so we should also include 'Urban areas' (assuming that's the correct level2_label for urban). Additionally, we must ensure the join condition uses the correct landcover_type column; the schema shows level1_label and level2_label, but the query references level3_code — this is inconsistent. Since no level3_code exists in the schema, it must be a mistake. The correct join should be on landcover_type.level2_label = the value from the rank array's first element, but the rank array contains numeric codes, not labels. This implies a mapping is missing. However, the schema does not provide a level3_code column in landcover_type — only level1_label and level2_label. Therefore, the assumption must be that the first number in rank (e.g., 523) corresponds to a level2_label code, but this mapping is not defined in the schema. Given the constraints, the only logical fix is to assume that the rank array's first element (e.g., 523) is intended to match a numeric ID that maps to level2_label, but since no such mapping exists in the schema, we must assume the query intended to use level2_label directly. But the example shows landcover_type.level2_label = 'Forests', so perhaps the rank array's first element corresponds to a different table. Given the ambiguity and the error, the most plausible fix is to treat the first element of the unnested array as the code and join it to a column that should exist — but since it doesn't, we must assume the query meant to join on level2_label = the string representation of the code, which is invalid. Alternatively, the schema may be incomplete. However, the immediate error is the subscripting of a 1D array as if it were 2D. The fix is to use rank[1] to get the first integer of the inner array, and then join to a column that contains that integer. But since landcover_type has no integer code column, we must conclude the schema is inconsistent. However, the example values show level2_label = 'Forests', and the question asks for 'forest and urban', so perhaps the rank array's first element is meant to be a code that maps to level2_label via a different table — but none is provided. Given the constraints, the only way to fix the immediate error is to use rank[1] to extract the integer code, and then assume that landcover_type has a column named level2_code (even though it's not listed) or that the level2_label is stored as a string that can be matched via a lookup. Since this is impossible, and the error is purely about subscripting, we fix the subscripting error by using rank[1] (not rank[1][1]), and then assume the join condition is on a non-existent column — but the problem says to fix the SQL based on the given schema. Therefore, we must assume that the rank array's first element (e.g., 523) is meant to match landcover_type.level2_label, but level2_label is text, not integer. This is a schema mismatch. Since we cannot resolve the mapping without additional schema info, and the error is "cannot subscript type integer", the fix is to remove the double subscript and use rank[1] to get the integer, and then CAST it to text to compare with level2_label? But that would be comparing '523' to 'Forests' — which won't match. Therefore, the only plausible fix is to assume that the rank array's first element is a code that corresponds to a level1_label or level2_label in a different way. Given the example: landcover_type.level2_label = 'Forests', and the rank array has [523, 10929], we must assume 523 is a code for 'Forests'. But since no mapping is provided, we cannot write a correct join. However, the error is purely syntactic: rank[1][1] is invalid because rank is a 1D array. So we change rank[1][1] to rank[1]. Then, we must also adjust the WHERE condition to include both 'Forests' and 'Urban areas' (assuming 'Urban areas' is the correct label). We'll assume the database has 'Urban areas' as a level2_label. We'll also fix the time condition to use EXTRACT(YEAR FROM ...) = 2021 (without quotes, since YEAR returns integer). The latitude and longitude bounds are for Canton of Zurich, which is reasonable. So the fix is: use rank[1] to get the integer code, and then join to a column that should be level2_code — but since it's not in the schema, we must assume the schema is incomplete and the intended join is on a numeric code column that is missing. But the problem says to fix based on the given schema. Therefore, we must conclude that the join condition is wrong. However, the only way to avoid the error is to remove the double subscript. Since the problem says "fix the error SQL", and the error is about subscripting, we fix that. We leave the join condition as is, assuming the database has a level3_code column (even though not listed) or that the schema description is incomplete. Alternatively, perhaps the rank array is meant to be a 2D array of single elements, like [[523], [10929]], but the example shows [[[523, 10929]]], which is 3D. So UNNEST gives a 2D array. So rank is [523, 10929], and rank[1] is 523. So we use rank[1]. We assume that landcover_type has a column level3_code of type integer that equals 523 for 'Forests'. Even though it's not listed in the schema, the error SQL references it, so it must exist. We'll proceed with that assumption. Also, we change the WHERE condition to include both 'Forests' and 'Urban areas'. We also remove quotes from 2021.
#SQL: SELECT (AVG(meteo_tmean.tmean) - 273.15) AS annual_avg_temp, landcover_type.level2_label FROM meteo_tmean JOIN landcover_upscaled ON ABS(meteo_tmean.latitude - landcover_upscaled.latitude) < 0.001 AND ABS(meteo_tmean.longitude - landcover_upscaled.longitude) < 0.001 JOIN LATERAL UNNEST(landcover_upscaled.ranks) AS rank ON TRUE JOIN landcover_type ON rank[1] = landcover_type.level3_code WHERE EXTRACT(YEAR FROM meteo_tmean.time) = 2021 AND meteo_tmean.latitude BETWEEN 47.2 AND 47.6 AND meteo_tmean.longitude BETWEEN 8.4 AND 8.8 AND landcover_type.level2_label IN ('Forests', 'Urban areas') GROUP BY landcover_type.level2_label;
```

############################## Human at step align_correct ##############################

You are an expert in SQL. Here are some examples of fix SQL


/* Database schema is as follows: */
Database Management System: PostgreSQL
#Database name: meteo
landcover_type.level1_label: The type is text, which does not include Null and is Non-Unique. Values format like: ['Forest and semi-natural areas', 'Water bodies', 'Wetlands']
landcover_type.level2_label: The type is text, which does not include Null and is Non-Unique. Values format like: ['Marine waters', 'Maritime wetlands', 'Pastures']
landcover_upscaled.latitude: The type is double precision, which does not include Null and is Non-Unique. Values format like: [27.6, 27.5, 27.9]
landcover_upscaled.longitude: The type is double precision, which does not include Null and is Non-Unique. Values format like: [-15.5, -15.2, -17.2]
landcover_upscaled.ranks: The type is ARRAY, which does not include Null and is Non-Unique. Values format like: [[[523, 10929]], [[523, 10614]], [[523, 12]]]
meteo_elevation.latitude: The type is double precision, which does not include Null and is Non-Unique. Values format like: [47.7298, 47.7303, 47.7301]
meteo_elevation.longitude: The type is double precision, which does not include Null and is Unique. Values format like: [5.8378, 5.8241, 5.8075]
meteo_sdmax.latitude: The type is real, which does not include Null and is Non-Unique. Value of this column must in: [44.0]
meteo_sdmax.longitude: The type is real, which does not include Null and is Unique. Values format like: [17.4, 19.1, 23.5]
meteo_sdmax.time: The type is timestamp without time zone, which does not include Null and is Non-Unique. Value of this column must in: [datetime.datetime(1991, 1, 1, 11, 0)]
meteo_ssrd.latitude: The type is double precision, which does not include Null and is Non-Unique. Value of this column must in: [48.0, 47.9]
meteo_ssrd.longitude: The type is double precision, which does not include Null and is Non-Unique. Values format like: [5.2, 7.2, 9.8]
meteo_ssrd.time: The type is timestamp without time zone, which does not include Null and is Non-Unique. Value of this column must in: [datetime.datetime(1991, 1, 1, 0, 0)]
meteo_tmax.latitude: The type is double precision, which does not include Null and is Non-Unique. Value of this column must in: [48.0, 47.9]
meteo_tmax.longitude: The type is double precision, which does not include Null and is Non-Unique. Values format like: [8.9, 9.600000000000001, 9.3]
meteo_tmax.time: The type is timestamp without time zone, which does not include Null and is Non-Unique. Value of this column must in: [datetime.datetime(1991, 1, 1, 11, 30)]
meteo_tmean.latitude: The type is double precision, which does not include Null and is Non-Unique. Value of this column must in: [48.0, 47.9]
meteo_tmean.longitude: The type is double precision, which does not include Null and is Non-Unique. Values format like: [7.2, 5.1, 9.8]
meteo_tmean.time: The type is timestamp without time zone, which does not include Null and is Non-Unique. Value of this column must in: [datetime.datetime(1991, 1, 1, 11, 30)]
meteo_tmean.tmean: The type is real, which does not include Null and is Unique. Values format like: [275.80954, 274.16214, 276.67957]
meteo_tmin.latitude: The type is double precision, which does not include Null and is Non-Unique. Value of this column must in: [48.0, 47.9]
meteo_tmin.longitude: The type is double precision, which does not include Null and is Non-Unique. Values format like: [5.9, 5.0, 6.3]
meteo_tmin.time: The type is timestamp without time zone, which does not include Null and is Non-Unique. Value of this column must in: [datetime.datetime(1991, 1, 1, 11, 30)]
meteo_tp.latitude: The type is double precision, which does not include Null and is Non-Unique. Value of this column must in: [48.0, 47.9]
meteo_tp.longitude: The type is double precision, which does not include Null and is Non-Unique. Values format like: [6.6, 9.4, 6.4]
meteo_tp.time: The type is timestamp without time zone, which does not include Null and is Non-Unique. Value of this column must in: [datetime.datetime(1991, 1, 1, 0, 0)]
meteo_windspeedmax.latitude: The type is double precision, which does not include Null and is Non-Unique. Value of this column must in: [48.0, 47.9]
meteo_windspeedmax.longitude: The type is double precision, which does not include Null and is Non-Unique. Values format like: [10.600000000000001, 5.9, 10.7]
meteo_windspeedmax.time: The type is timestamp without time zone, which does not include Null and is Non-Unique. Value of this column must in: [datetime.datetime(1991, 1, 1, 11, 30)]

#Foreign keys:


#Values in Database:
landcover_type.level1_label: 'Forest and semi-natural areas'
landcover_type.level2_label: 'Forests'

/* Now Please fix the following error SQL */
#question: Compare annual average temperatures in 2021 between the dominant landcovers of forest and urban in the Canton of Zurich. None
#Error SQL: SELECT lc.level1_label, (AVG(mt.tmean) - 273.15) AS avg_temperature FROM meteo_tmean mt JOIN landcover_upscaled lu ON mt.latitude = lu.latitude AND mt.longitude = lu.longitude JOIN (SELECT unnest(ranks) AS rank FROM landcover_upscaled) AS unnested ON unnested.rank[1] = lc.code JOIN landcover_type lc ON lc.code = unnested.rank[1] WHERE EXTRACT(YEAR FROM mt.time) = 2021 AND mt.latitude BETWEEN 47.2 AND 47.6 AND mt.longitude BETWEEN 8.4 AND 8.8 GROUP BY lc.level1_label;
Error: cannot subscript type integer because it does not support subscripting
LINE 1: ...) AS rank FROM landcover_upscaled) AS unnested ON unnested.r...
                                                             ^



Please answer according to the format below and do not output any other content.:
```
#reason: Analysis of How to fix the error
#SQL: right SQL
```

############################## AI at step align_correct ##############################

```
#reason: The error occurs because `ranks` is an ARRAY of arrays (e.g., [[[523, 10929]]]), and the query attempts to subscript `unnested.rank[1]` where `rank` is already the inner array `[523, 10929]` after `unnest(ranks)`. However, `unnest(ranks)` produces elements of type `integer[]`, not `integer`, and `rank[1]` is valid only if `rank` is an array — but the error suggests the system is misinterpreting the type or the syntax is misused. The real issue is that `ranks` is a 3D array: `[[[a,b]]]`, so `unnest(ranks)` returns `[[a,b]]` (a 2-element array). To access the first element of the inner array, we must use `unnested.rank[1]` correctly — but the join condition `unnested.rank[1] = lc.code` implies `lc.code` is an integer. However, the schema does not define `landcover_type.code` at all — it only shows `level1_label` and `level2_label`. This implies the model assumes `code` exists as a key in `landcover_type`, but it's not documented. Since `landcover_type` has `level1_label` values like `'Forest and semi-natural areas'`, and `ranks` contains codes like `523`, we must assume `landcover_type` has an undocumented `code` column (likely integer) that maps to the first value in each `ranks` sub-array. The error "cannot subscript type integer" suggests that `unnest(ranks)` may be returning integers instead of arrays — which contradicts the schema. This implies the `ranks` array may be misstructured in the query. Re-examining: `ranks` format is like `[[[523, 10929]]]` — so it's a 3D array. `unnest(ranks)` will return `{{523,10929}}` as an array element. To access the first integer in that array, we must use `unnested.rank[1]`, which is valid in PostgreSQL if `rank` is of type `integer[]`. The real issue is likely that `ranks` is stored as `integer[][][]`, and `unnest` returns `integer[][]`, so `rank[1]` should work. However, the error suggests `rank` is being treated as `integer`, not `integer[]`. This happens if `ranks` is actually a 2D array like `[[523,10929]]` and the schema description is misleading. To fix safely: we assume `ranks` is `integer[][]` (2D), and we unnest it to get `integer[]`, then use `[1]` to get the code. The join with `landcover_type` should use `lc.code = unnested.rank[1]`. But since `landcover_type` schema doesn't mention `code`, we assume it exists. The query also misses filtering for `'Forest and semi-natural areas'` and `'Urban areas'` as required by the question. We must add `lc.level1_label IN ('Forest and semi-natural areas', 'Urban areas')` — note: 'Urban areas' is implied by the question, but not listed in example values; we assume it exists. Also, the latitude/longitude bounds in the query are for Zurich (47.2–47.6, 8.4–8.8), which is correct. Finally, the error is likely due to a data type mismatch: if `ranks` is `integer[][][]`, then `unnest(ranks)` returns `integer[][]`, and `rank[1]` is `integer` — so `rank[1]` should work. But if `ranks` is `integer[]`, then `unnest(ranks)` returns `integer`, and `integer[1]` fails — which matches the error. This suggests `ranks` is actually a 1D array of integers, e.g., `[523, 10929]`, and the schema description `[[[523, 10929]]]` is misleading. To resolve, we assume `ranks` is `integer[]` (1D) and contains codes directly. Then `unnest(ranks)` returns individual integers, so we cannot subscript `[1]`. Instead, we should join directly: `JOIN landcover_type lc ON lc.code = unnested.rank`. But then we lose the structure: the first element in the list is the dominant landcover. The question asks for the "dominant" landcover — which implies the first element in `ranks` is dominant. So if `ranks` is `[523, 10929]`, we must take the first element. We can do that with `ranks[1]` without unnesting. This is simpler and avoids the error. So the fix: remove the `unnest` and use `ranks[1]` directly in the join. This is more efficient and matches the schema. We assume `ranks[1]` is an integer and matches `lc.code`.
#SQL: SELECT lc.level1_label, (AVG(mt.tmean) - 273.15) AS avg_temperature 
FROM meteo_tmean mt 
JOIN landcover_upscaled lu ON mt.latitude = lu.latitude AND mt.longitude = lu.longitude 
JOIN landcover_type lc ON lc.code = lu.ranks[1] 
WHERE EXTRACT(YEAR FROM mt.time) = 2021 
  AND mt.latitude BETWEEN 47.2 AND 47.6 
  AND mt.longitude BETWEEN 8.4 AND 8.8 
  AND lc.level1_label IN ('Forest and semi-natural areas', 'Urban areas')
GROUP BY lc.level1_label;
```

############################## Human at step align_correct ##############################

You are an expert in SQL. Here are some examples of fix SQL


/* Database schema is as follows: */
Database Management System: PostgreSQL
#Database name: meteo
landcover_type.level1_label: The type is text, which does not include Null and is Non-Unique. Values format like: ['Forest and semi-natural areas', 'Water bodies', 'Wetlands']
landcover_type.level2_label: The type is text, which does not include Null and is Non-Unique. Values format like: ['Marine waters', 'Maritime wetlands', 'Pastures']
landcover_upscaled.latitude: The type is double precision, which does not include Null and is Non-Unique. Values format like: [27.6, 27.5, 27.9]
landcover_upscaled.longitude: The type is double precision, which does not include Null and is Non-Unique. Values format like: [-15.5, -15.2, -17.2]
landcover_upscaled.ranks: The type is ARRAY, which does not include Null and is Non-Unique. Values format like: [[[523, 10929]], [[523, 10614]], [[523, 12]]]
meteo_elevation.latitude: The type is double precision, which does not include Null and is Non-Unique. Values format like: [47.7298, 47.7303, 47.7301]
meteo_elevation.longitude: The type is double precision, which does not include Null and is Unique. Values format like: [5.8378, 5.8241, 5.8075]
meteo_sdmax.latitude: The type is real, which does not include Null and is Non-Unique. Value of this column must in: [44.0]
meteo_sdmax.longitude: The type is real, which does not include Null and is Unique. Values format like: [17.4, 19.1, 23.5]
meteo_sdmax.time: The type is timestamp without time zone, which does not include Null and is Non-Unique. Value of this column must in: [datetime.datetime(1991, 1, 1, 11, 0)]
meteo_ssrd.latitude: The type is double precision, which does not include Null and is Non-Unique. Value of this column must in: [48.0, 47.9]
meteo_ssrd.longitude: The type is double precision, which does not include Null and is Non-Unique. Values format like: [5.2, 7.2, 9.8]
meteo_ssrd.time: The type is timestamp without time zone, which does not include Null and is Non-Unique. Value of this column must in: [datetime.datetime(1991, 1, 1, 0, 0)]
meteo_tmax.latitude: The type is double precision, which does not include Null and is Non-Unique. Value of this column must in: [48.0, 47.9]
meteo_tmax.longitude: The type is double precision, which does not include Null and is Non-Unique. Values format like: [8.9, 9.600000000000001, 9.3]
meteo_tmax.time: The type is timestamp without time zone, which does not include Null and is Non-Unique. Value of this column must in: [datetime.datetime(1991, 1, 1, 11, 30)]
meteo_tmean.latitude: The type is double precision, which does not include Null and is Non-Unique. Value of this column must in: [48.0, 47.9]
meteo_tmean.longitude: The type is double precision, which does not include Null and is Non-Unique. Values format like: [7.2, 5.1, 9.8]
meteo_tmean.time: The type is timestamp without time zone, which does not include Null and is Non-Unique. Value of this column must in: [datetime.datetime(1991, 1, 1, 11, 30)]
meteo_tmean.tmean: The type is real, which does not include Null and is Unique. Values format like: [275.80954, 274.16214, 276.67957]
meteo_tmin.latitude: The type is double precision, which does not include Null and is Non-Unique. Value of this column must in: [48.0, 47.9]
meteo_tmin.longitude: The type is double precision, which does not include Null and is Non-Unique. Values format like: [5.9, 5.0, 6.3]
meteo_tmin.time: The type is timestamp without time zone, which does not include Null and is Non-Unique. Value of this column must in: [datetime.datetime(1991, 1, 1, 11, 30)]
meteo_tp.latitude: The type is double precision, which does not include Null and is Non-Unique. Value of this column must in: [48.0, 47.9]
meteo_tp.longitude: The type is double precision, which does not include Null and is Non-Unique. Values format like: [6.6, 9.4, 6.4]
meteo_tp.time: The type is timestamp without time zone, which does not include Null and is Non-Unique. Value of this column must in: [datetime.datetime(1991, 1, 1, 0, 0)]
meteo_windspeedmax.latitude: The type is double precision, which does not include Null and is Non-Unique. Value of this column must in: [48.0, 47.9]
meteo_windspeedmax.longitude: The type is double precision, which does not include Null and is Non-Unique. Values format like: [10.600000000000001, 5.9, 10.7]
meteo_windspeedmax.time: The type is timestamp without time zone, which does not include Null and is Non-Unique. Value of this column must in: [datetime.datetime(1991, 1, 1, 11, 30)]

#Foreign keys:


#Values in Database:
landcover_type.level1_label: 'Forest and semi-natural areas'
landcover_type.level2_label: 'Forests'

/* Now Please fix the following error SQL */
#question: Compare annual average temperatures in 2021 between the dominant landcovers of forest and urban in the Canton of Zurich. None
#Error SQL: SELECT (AVG(meteo_tmean.tmean) - 273.15) AS annual_avg_temp, landcover_type.level2_label FROM meteo_tmean JOIN landcover_upscaled ON ABS(meteo_tmean.latitude - landcover_upscaled.latitude) < 0.001 AND ABS(meteo_tmean.longitude - landcover_upscaled.longitude) < 0.001 JOIN LATERAL UNNEST(landcover_upscaled.ranks) AS rank ON TRUE JOIN landcover_type ON rank[1] = landcover_type.level3_code WHERE EXTRACT(YEAR FROM meteo_tmean.time) = 2021 AND meteo_tmean.latitude BETWEEN 47.2 AND 47.6 AND meteo_tmean.longitude BETWEEN 8.4 AND 8.8 AND landcover_type.level2_label IN ('Forests', 'Urban areas') GROUP BY landcover_type.level2_label;
Error: cannot subscript type integer because it does not support subscripting
LINE 1: ...led.ranks) AS rank ON TRUE JOIN landcover_type ON rank[1] = ...
                                                             ^



Please answer according to the format below and do not output any other content.:
```
#reason: Analysis of How to fix the error
#SQL: right SQL
```

############################## AI at step align_correct ##############################

```
#reason: The error occurs because `landcover_upscaled.ranks` is an ARRAY of arrays (e.g., [[[523, 10929]]]), and the query attempts to subscript `rank[1]` where `rank` is the result of UNNESTing the outermost array. However, UNNEST(landcover_upscaled.ranks) returns each inner array as a row, so `rank` is of type integer[] (an array of integers), not a scalar. The expression `rank[1]` is valid in PostgreSQL for array subscripting, but the error suggests that the actual data structure or type inference might be causing confusion — likely because the array is nested too deeply. The correct approach is to first UNNEST the outermost array, then extract the first element of the inner array. Since each element in `ranks` is a 2-element array inside a singleton outer array (e.g., [[523, 10929]]), we must UNNEST twice: first to get the inner array, then extract the first element of that inner array. Alternatively, we can use `rank[1][1]` to access the first element of the first inner array. However, the error message suggests the system is treating `rank` as an integer, not an array — likely due to incorrect UNNEST usage. The correct fix is to use `rank[1][1]` to access the level3_code, assuming the structure is [[[code, ...]]]. Also, note that the schema mentions level3_code in landcover_type, but the example only shows level1_label and level2_label — we assume level3_code exists and is integer. We must also ensure we are joining on the correct field.
#SQL: SELECT (AVG(meteo_tmean.tmean) - 273.15) AS annual_avg_temp, landcover_type.level2_label FROM meteo_tmean JOIN landcover_upscaled ON ABS(meteo_tmean.latitude - landcover_upscaled.latitude) < 0.001 AND ABS(meteo_tmean.longitude - landcover_upscaled.longitude) < 0.001 JOIN LATERAL UNNEST(landcover_upscaled.ranks) AS rank ON TRUE JOIN landcover_type ON rank[1][1] = landcover_type.level3_code WHERE EXTRACT(YEAR FROM meteo_tmean.time) = 2021 AND meteo_tmean.latitude BETWEEN 47.2 AND 47.6 AND meteo_tmean.longitude BETWEEN 8.4 AND 8.8 AND landcover_type.level2_label IN ('Forests', 'Urban areas') GROUP BY landcover_type.level2_label;
```

############################## Human at step align_correct ##############################

You are an SQL expert, and now I would like you to write SQL based on the question.


/* Database schema */
Database Management System: PostgreSQL
#Database name: meteo
landcover_type.level1_label: The type is text, which does not include Null and is Non-Unique. Values format like: ['Forest and semi-natural areas', 'Water bodies', 'Wetlands']
landcover_type.level2_label: The type is text, which does not include Null and is Non-Unique. Values format like: ['Marine waters', 'Maritime wetlands', 'Pastures']
landcover_upscaled.latitude: The type is double precision, which does not include Null and is Non-Unique. Values format like: [27.6, 27.5, 27.9]
landcover_upscaled.longitude: The type is double precision, which does not include Null and is Non-Unique. Values format like: [-15.5, -15.2, -17.2]
landcover_upscaled.ranks: The type is ARRAY, which does not include Null and is Non-Unique. Values format like: [[[523, 10929]], [[523, 10614]], [[523, 12]]]
meteo_elevation.latitude: The type is double precision, which does not include Null and is Non-Unique. Values format like: [47.7298, 47.7303, 47.7301]
meteo_elevation.longitude: The type is double precision, which does not include Null and is Unique. Values format like: [5.8378, 5.8241, 5.8075]
meteo_sdmax.latitude: The type is real, which does not include Null and is Non-Unique. Value of this column must in: [44.0]
meteo_sdmax.longitude: The type is real, which does not include Null and is Unique. Values format like: [17.4, 19.1, 23.5]
meteo_sdmax.time: The type is timestamp without time zone, which does not include Null and is Non-Unique. Value of this column must in: [datetime.datetime(1991, 1, 1, 11, 0)]
meteo_ssrd.latitude: The type is double precision, which does not include Null and is Non-Unique. Value of this column must in: [48.0, 47.9]
meteo_ssrd.longitude: The type is double precision, which does not include Null and is Non-Unique. Values format like: [5.2, 7.2, 9.8]
meteo_ssrd.time: The type is timestamp without time zone, which does not include Null and is Non-Unique. Value of this column must in: [datetime.datetime(1991, 1, 1, 0, 0)]
meteo_tmax.latitude: The type is double precision, which does not include Null and is Non-Unique. Value of this column must in: [48.0, 47.9]
meteo_tmax.longitude: The type is double precision, which does not include Null and is Non-Unique. Values format like: [8.9, 9.600000000000001, 9.3]
meteo_tmax.time: The type is timestamp without time zone, which does not include Null and is Non-Unique. Value of this column must in: [datetime.datetime(1991, 1, 1, 11, 30)]
meteo_tmean.latitude: The type is double precision, which does not include Null and is Non-Unique. Value of this column must in: [48.0, 47.9]
meteo_tmean.longitude: The type is double precision, which does not include Null and is Non-Unique. Values format like: [7.2, 5.1, 9.8]
meteo_tmean.time: The type is timestamp without time zone, which does not include Null and is Non-Unique. Value of this column must in: [datetime.datetime(1991, 1, 1, 11, 30)]
meteo_tmean.tmean: The type is real, which does not include Null and is Unique. Values format like: [275.80954, 274.16214, 276.67957]
meteo_tmin.latitude: The type is double precision, which does not include Null and is Non-Unique. Value of this column must in: [48.0, 47.9]
meteo_tmin.longitude: The type is double precision, which does not include Null and is Non-Unique. Values format like: [5.9, 5.0, 6.3]
meteo_tmin.time: The type is timestamp without time zone, which does not include Null and is Non-Unique. Value of this column must in: [datetime.datetime(1991, 1, 1, 11, 30)]
meteo_tp.latitude: The type is double precision, which does not include Null and is Non-Unique. Value of this column must in: [48.0, 47.9]
meteo_tp.longitude: The type is double precision, which does not include Null and is Non-Unique. Values format like: [6.6, 9.4, 6.4]
meteo_tp.time: The type is timestamp without time zone, which does not include Null and is Non-Unique. Value of this column must in: [datetime.datetime(1991, 1, 1, 0, 0)]
meteo_windspeedmax.latitude: The type is double precision, which does not include Null and is Non-Unique. Value of this column must in: [48.0, 47.9]
meteo_windspeedmax.longitude: The type is double precision, which does not include Null and is Non-Unique. Values format like: [10.600000000000001, 5.9, 10.7]
meteo_windspeedmax.time: The type is timestamp without time zone, which does not include Null and is Non-Unique. Value of this column must in: [datetime.datetime(1991, 1, 1, 11, 30)]

#Foreign keys:


#Values in Database:
landcover_type.level1_label: 'Forest and semi-natural areas'
landcover_type.level2_label: 'Forests'

/* Based on the database schema and the question, pay attention to the following */
1. For parts involving division that contain integer types, CAST them to NUMERIC (e.g., CAST(col AS NUMERIC) or col::numeric).
2. #values in db display part values from the database. Please ignore the unnecessary values.
3. If "#GEO_CONTEXT" is provided, use it as a spatial grounding constraint. Use only coordinates/bounds that appear in GEO_CONTEXT; do not invent place names or geometry values.
4. If "#ONTOLOGY_GROUNDED_FUNCTION" is provided, treat it as an executable semantic constraint package (thresholds, temporal logic, aggregation hints). Map it only to existing schema columns/functions.
5. When GEO/ontology context conflicts with schema feasibility, keep SQL executable and prioritize schema-valid expressions.
6. For landcover questions, never join landcover_upscaled to landcover_type directly on latitude/longitude. Expand landcover_upscaled.ranks first (UNNEST or generate_subscripts), then join level3 code.

Please rewrite the question to SQL-like query in the format: "Show #SELECT (table.column), WHERE condition are xxx (refer to #values), Group by/Order By (refer to columns). Here are 3 example: 

#SQL-like: Show top 5 cards.id, where condition is cards.spend>100, order by cards.spend. 
#SQL: SELECT id FROM cards WHERE spend > 100 ORDER BY spend LIMIT 5

#SQL-like: Show Count(PaperAuthor.Name), Where condition is Paper.Year = 0
#SQL: SELECT COUNT(T2.Name) FROM Paper AS T1 INNER JOIN PaperAuthor AS T2 ON T1.Id = T2.PaperId WHERE T1.Year = 0

#SQL-like: Show Author.Name, Where condition is Author.Affiliation = 'University of Oxford', Group By Author.Name Order By Author.spent
#SQL: SELECT Name FROM Author WHERE Affiliation = 'University of Oxford' Group By Name ORDER BY spent ASC

/* Answer the following: Compare annual average temperatures in 2021 between the dominant landcovers of forest and urban in the Canton of Zurich. None */
Please answer the question in the following format without any other content:
```
#reason: Analyze how to generate SQL based on the question.(format: the question want to ..., so the SQL SELECT ... and ...)
#columns: All columns ultimately used in SQL(format: table.column_1, table.column_2)
#values: the filter in SQL (format: 'filter in question' refer to table.column: value. e.g. 'name is not tom' refer to name <> "tom", 2007 refer to EXTRACT(YEAR FROM Date) = 2007)
#SELECT: SELECT content (display in the order asked by the questions, do not display content not specified by the questions).
#SQL-like: SQL-like statements ignoring Join conditions
#SQL: SQL
```
#GEO_CONTEXT:
{
  "place": "Canton of Zurich",
  "points": [
    {
      "lon": "8.4",
      "lat": "47.4"
    },
    {
      "lon": "8.4",
      "lat": "47.5"
    },
    {
      "lon": "8.5",
      "lat": "47.3"
    },
    {
      "lon": "8.5",
      "lat": "47.4"
    },
    {
      "lon": "8.5",
      "lat": "47.5"
    },
    {
      "lon": "8.5",
      "lat": "47.6"
    },
    {
      "lon": "8.6",
      "lat": "47.3"
    },
    {
      "lon": "8.6",
      "lat": "47.4"
    },
    {
      "lon": "8.6",
      "lat": "47.5"
    },
    {
      "lon": "8.6",
      "lat": "47.6"
    },
    {
      "lon": "8.7",
      "lat": "47.2"
    },
    {
      "lon": "8.7",
      "lat": "47.3"
    },
    {
      "lon": "8.7",
      "lat": "47.4"
    },
    {
      "lon": "8.7",
      "lat": "47.5"
    },
    {
      "lon": "8.7",
      "lat": "47.6"
    },
    {
      "lon": "8.8",
      "lat": "47.3"
    },
    {
      "lon": "8.8",
      "lat": "47.4"
    },
    {
      "lon": "8.8",
      "lat": "47.5"
    }
  ],
  "resolution": "places_dict"
}
#ONTOLOGY_GROUNDED_FUNCTION:
{
  "schema_version": "ontology_grounded_function.v1",
  "question": "Compare annual average temperatures in 2021 between the dominant landcovers of forest and urban in the Canton of Zurich. None",
  "anchor": "HeatWave",
  "target_variable": "MaximumTemperature",
  "hops": 3,
  "semantic_chain": [
    "HeatWave",
    "HeatDay",
    "HeatDayThreshold35C",
    "MaximumTemperature"
  ],
  "function_specs": [
    {
      "name": "KelvinToCelsiusRule",
      "inputs": [
        "MaximumTemperature"
      ],
      "semantics": "Apply ontology-declared unit conversion before threshold comparison (K -> DEG_C).",
      "pseudo_code_template": "MaximumTemperature_converted := apply_conversion(MaximumTemperature)  # value_celsius = value_kelvin - 273.15"
    },
    {
      "name": "HeatDayThreshold35C",
      "inputs": [
        "KelvinToCelsiusRule(MaximumTemperature)"
      ],
      "semantics": "Apply explicit operator from ontology threshold config.",
      "pseudo_code_template": "HeatDay := (MaximumTemperature_converted >= 35.0)"
    },
    {
      "name": "HeatWave",
      "inputs": [
        "HeatDaySeries",
        "hasDuration"
      ],
      "semantics": "Anchor event constructor from tuple semantics (consistsOf + hasDuration).",
      "pseudo_code_template": "HeatWave(HeatDaySeries) := consecutive(HeatDay) >= 3"
    }
  ],
  "composition_order": [
    "KelvinToCelsiusRule",
    "HeatDayThreshold35C",
    "HeatWave"
  ],
  "constraints": [
    "operator sourced from hasOperator",
    "threshold unit sourced from hasThresholdUnit",
    "duration sourced from hasDuration",
    "unit mismatch triggers conversion via UnitConversionRule graph search (rdf:type hierarchy, fromUnit/toUnit/hasSqlExpression)"
  ]
}


############################## AI at step align_correct ##############################

```
#reason: The question asks to compare annual average temperatures in 2021 between dominant landcovers of forest and urban in the Canton of Zurich. The temperature data is in meteo_tmean.tmean (in Kelvin), and we need to filter for year 2021 and spatial bounds of Canton of Zurich from #GEO_CONTEXT. Landcover dominance must be derived from landcover_upscaled.ranks, which contains nested arrays of landcover codes; we must UNNEST these to find the dominant (highest rank) landcover type per location, then join with landcover_type to filter for 'Forest and semi-natural areas' (forest) and 'Urban areas' (urban). However, note that landcover_type does not have an 'Urban areas' level1_label in the provided values — only 'Forest and semi-natural areas' is given. Since 'Urban' is not listed in level1_label values, we assume it may be represented in level2_label or must be inferred from common landcover classifications. But per schema, we cannot invent values. Since the only provided level1_label is 'Forest and semi-natural areas', and no 'Urban' is present, we can only query for forest. However, the question explicitly asks for both forest and urban. Given the schema constraint and #values, we must assume 'Urban' is not directly available in landcover_type. But since the question requires comparison, and urban is a common landcover class, we infer that level2_label might contain urban-like classes (e.g., 'Artificial surfaces' or similar), but none are provided. Therefore, we must restrict to forest only, or assume the schema is incomplete. However, per instruction: "never join landcover_upscaled to landcover_type directly on latitude/longitude" — we must expand ranks. We will extract the top-ranked landcover code from ranks array, join with landcover_type on level1_label = 'Forest and semi-natural areas' for forest, and for urban, we must rely on level2_label containing urban-relevant terms. Since no urban value is given, we cannot filter for it. But the question requires both. Given the constraints, we assume the ontology and schema imply that 'Urban' is a level2_label value (even if not listed), and we will use a LIKE pattern for urban-related terms (e.g., '%Urban%', '%Artificial%') as a pragmatic extension, since the ontology grounded function does not override this. Alternatively, we may be forced to return only forest. But the question says "compare", so we must return both. We will assume that 'Urban' is represented in level2_label as 'Artificial surfaces' or similar, but since it's not in #values, we use the only available landcover_type value for forest and leave urban as unfilterable. However, per instruction: "do not invent place names or geometry values" — but landcover labels are not place names. We are allowed to use schema values. Since 'Urban' is not in landcover_type.level1_label or level2_label in #values, we cannot filter for it. Therefore, we can only compute for forest. But the question requires comparison. This is a schema limitation. We proceed by filtering for forest only and note that urban cannot be queried due to missing data. Alternatively, we assume that 'Urban' is encoded in the ranks as a code that maps to a level2_label containing 'Urban' — but since no such value exists, we must return NULL for urban. We will write the query to extract forest and attempt to match any level2_label that might contain 'Urban' as a substring, even if not in #values, because the question demands it. This is a necessary pragmatic extension to satisfy the question. We will use: level1_label = 'Forest and semi-natural areas' for forest, and level2_label ILIKE '%Urban%' or level1_label ILIKE '%Urban%' for urban. We will compute annual average tmean for 2021 for both, grouped by landcover type.
#columns: meteo_tmean.tmean, landcover_type.level1_label, landcover_type.level2_label
#values: 'forest' refer to landcover_type.level1_label: 'Forest and semi-natural areas', 'urban' refer to landcover_type.level2_label ILIKE '%Urban%', 2021 refer to EXTRACT(YEAR FROM meteo_tmean.time) = 2021, Canton of Zurich refer to meteo_tmean.latitude BETWEEN 47.2 AND 47.6 AND meteo_tmean.longitude BETWEEN 8.4 AND 8.8
#SELECT: AVG(meteo_tmean.tmean), landcover_type.level1_label
#SQL-like: Show AVG(meteo_tmean.tmean), landcover_type.level1_label, where condition is EXTRACT(YEAR FROM meteo_tmean.time) = 2021 AND meteo_tmean.latitude BETWEEN 47.2 AND 47.6 AND meteo_tmean.longitude BETWEEN 8.4 AND 8.8 AND (landcover_type.level1_label = 'Forest and semi-natural areas' OR landcover_type.level2_label ILIKE '%Urban%'), Group By landcover_type.level1_label
#SQL: SELECT AVG(m.tmean) AS avg_temperature, lt.level1_label
FROM meteo_tmean m
JOIN (
    SELECT latitude, longitude, UNNEST(ranks) AS rank_entry
    FROM landcover_upscaled
    WHERE latitude BETWEEN 47.2 AND 47.6 AND longitude BETWEEN 8.4 AND 8.8
) lu ON m.latitude = lu.latitude AND m.longitude = lu.longitude
JOIN landcover_type lt ON lt.level3_code = (lu.rank_entry)[1][1]  -- assuming first element of first array is the dominant landcover code
WHERE EXTRACT(YEAR FROM m.time) = 2021
  AND (lt.level1_label = 'Forest and semi-natural areas' OR lt.level2_label ILIKE '%Urban%')
GROUP BY lt.level1_label;
```

############################## Human at step align_correct ##############################

You are an SQL expert, and now I would like you to write SQL based on the question.


/* Database schema */
Database Management System: PostgreSQL
#Database name: meteo
landcover_type.level1_label: The type is text, which does not include Null and is Non-Unique. Values format like: ['Forest and semi-natural areas', 'Water bodies', 'Wetlands']
landcover_type.level2_label: The type is text, which does not include Null and is Non-Unique. Values format like: ['Marine waters', 'Maritime wetlands', 'Pastures']
landcover_upscaled.latitude: The type is double precision, which does not include Null and is Non-Unique. Values format like: [27.6, 27.5, 27.9]
landcover_upscaled.longitude: The type is double precision, which does not include Null and is Non-Unique. Values format like: [-15.5, -15.2, -17.2]
landcover_upscaled.ranks: The type is ARRAY, which does not include Null and is Non-Unique. Values format like: [[[523, 10929]], [[523, 10614]], [[523, 12]]]
meteo_elevation.latitude: The type is double precision, which does not include Null and is Non-Unique. Values format like: [47.7298, 47.7303, 47.7301]
meteo_elevation.longitude: The type is double precision, which does not include Null and is Unique. Values format like: [5.8378, 5.8241, 5.8075]
meteo_sdmax.latitude: The type is real, which does not include Null and is Non-Unique. Value of this column must in: [44.0]
meteo_sdmax.longitude: The type is real, which does not include Null and is Unique. Values format like: [17.4, 19.1, 23.5]
meteo_sdmax.time: The type is timestamp without time zone, which does not include Null and is Non-Unique. Value of this column must in: [datetime.datetime(1991, 1, 1, 11, 0)]
meteo_ssrd.latitude: The type is double precision, which does not include Null and is Non-Unique. Value of this column must in: [48.0, 47.9]
meteo_ssrd.longitude: The type is double precision, which does not include Null and is Non-Unique. Values format like: [5.2, 7.2, 9.8]
meteo_ssrd.time: The type is timestamp without time zone, which does not include Null and is Non-Unique. Value of this column must in: [datetime.datetime(1991, 1, 1, 0, 0)]
meteo_tmax.latitude: The type is double precision, which does not include Null and is Non-Unique. Value of this column must in: [48.0, 47.9]
meteo_tmax.longitude: The type is double precision, which does not include Null and is Non-Unique. Values format like: [8.9, 9.600000000000001, 9.3]
meteo_tmax.time: The type is timestamp without time zone, which does not include Null and is Non-Unique. Value of this column must in: [datetime.datetime(1991, 1, 1, 11, 30)]
meteo_tmean.latitude: The type is double precision, which does not include Null and is Non-Unique. Value of this column must in: [48.0, 47.9]
meteo_tmean.longitude: The type is double precision, which does not include Null and is Non-Unique. Values format like: [7.2, 5.1, 9.8]
meteo_tmean.time: The type is timestamp without time zone, which does not include Null and is Non-Unique. Value of this column must in: [datetime.datetime(1991, 1, 1, 11, 30)]
meteo_tmean.tmean: The type is real, which does not include Null and is Unique. Values format like: [275.80954, 274.16214, 276.67957]
meteo_tmin.latitude: The type is double precision, which does not include Null and is Non-Unique. Value of this column must in: [48.0, 47.9]
meteo_tmin.longitude: The type is double precision, which does not include Null and is Non-Unique. Values format like: [5.9, 5.0, 6.3]
meteo_tmin.time: The type is timestamp without time zone, which does not include Null and is Non-Unique. Value of this column must in: [datetime.datetime(1991, 1, 1, 11, 30)]
meteo_tp.latitude: The type is double precision, which does not include Null and is Non-Unique. Value of this column must in: [48.0, 47.9]
meteo_tp.longitude: The type is double precision, which does not include Null and is Non-Unique. Values format like: [6.6, 9.4, 6.4]
meteo_tp.time: The type is timestamp without time zone, which does not include Null and is Non-Unique. Value of this column must in: [datetime.datetime(1991, 1, 1, 0, 0)]
meteo_windspeedmax.latitude: The type is double precision, which does not include Null and is Non-Unique. Value of this column must in: [48.0, 47.9]
meteo_windspeedmax.longitude: The type is double precision, which does not include Null and is Non-Unique. Values format like: [10.600000000000001, 5.9, 10.7]
meteo_windspeedmax.time: The type is timestamp without time zone, which does not include Null and is Non-Unique. Value of this column must in: [datetime.datetime(1991, 1, 1, 11, 30)]

#Foreign keys:


#Values in Database:
landcover_type.level1_label: 'Forest and semi-natural areas'
landcover_type.level2_label: 'Forests'

/* Based on the database schema and the question, pay attention to the following */
1. For parts involving division that contain integer types, CAST them to NUMERIC (e.g., CAST(col AS NUMERIC) or col::numeric).
2. #values in db display part values from the database. Please ignore the unnecessary values.
3. If "#GEO_CONTEXT" is provided, use it as a spatial grounding constraint. Use only coordinates/bounds that appear in GEO_CONTEXT; do not invent place names or geometry values.
4. If "#ONTOLOGY_GROUNDED_FUNCTION" is provided, treat it as an executable semantic constraint package (thresholds, temporal logic, aggregation hints). Map it only to existing schema columns/functions.
5. When GEO/ontology context conflicts with schema feasibility, keep SQL executable and prioritize schema-valid expressions.
6. For landcover questions, never join landcover_upscaled to landcover_type directly on latitude/longitude. Expand landcover_upscaled.ranks first (UNNEST or generate_subscripts), then join level3 code.

Please rewrite the question to SQL-like query in the format: "Show #SELECT (table.column), WHERE condition are xxx (refer to #values), Group by/Order By (refer to columns). Here are 3 example: 

#SQL-like: Show top 5 cards.id, where condition is cards.spend>100, order by cards.spend. 
#SQL: SELECT id FROM cards WHERE spend > 100 ORDER BY spend LIMIT 5

#SQL-like: Show Count(PaperAuthor.Name), Where condition is Paper.Year = 0
#SQL: SELECT COUNT(T2.Name) FROM Paper AS T1 INNER JOIN PaperAuthor AS T2 ON T1.Id = T2.PaperId WHERE T1.Year = 0

#SQL-like: Show Author.Name, Where condition is Author.Affiliation = 'University of Oxford', Group By Author.Name Order By Author.spent
#SQL: SELECT Name FROM Author WHERE Affiliation = 'University of Oxford' Group By Name ORDER BY spent ASC

/* Answer the following: Compare annual average temperatures in 2021 between the dominant landcovers of forest and urban in the Canton of Zurich. None */
Please answer the question in the following format without any other content:
```
#reason: Analyze how to generate SQL based on the question.(format: the question want to ..., so the SQL SELECT ... and ...)
#columns: All columns ultimately used in SQL(format: table.column_1, table.column_2)
#values: the filter in SQL (format: 'filter in question' refer to table.column: value. e.g. 'name is not tom' refer to name <> "tom", 2007 refer to EXTRACT(YEAR FROM Date) = 2007)
#SELECT: SELECT content (display in the order asked by the questions, do not display content not specified by the questions).
#SQL-like: SQL-like statements ignoring Join conditions
#SQL: SQL
```
#GEO_CONTEXT:
{
  "place": "Canton of Zurich",
  "points": [
    {
      "lon": "8.4",
      "lat": "47.4"
    },
    {
      "lon": "8.4",
      "lat": "47.5"
    },
    {
      "lon": "8.5",
      "lat": "47.3"
    },
    {
      "lon": "8.5",
      "lat": "47.4"
    },
    {
      "lon": "8.5",
      "lat": "47.5"
    },
    {
      "lon": "8.5",
      "lat": "47.6"
    },
    {
      "lon": "8.6",
      "lat": "47.3"
    },
    {
      "lon": "8.6",
      "lat": "47.4"
    },
    {
      "lon": "8.6",
      "lat": "47.5"
    },
    {
      "lon": "8.6",
      "lat": "47.6"
    },
    {
      "lon": "8.7",
      "lat": "47.2"
    },
    {
      "lon": "8.7",
      "lat": "47.3"
    },
    {
      "lon": "8.7",
      "lat": "47.4"
    },
    {
      "lon": "8.7",
      "lat": "47.5"
    },
    {
      "lon": "8.7",
      "lat": "47.6"
    },
    {
      "lon": "8.8",
      "lat": "47.3"
    },
    {
      "lon": "8.8",
      "lat": "47.4"
    },
    {
      "lon": "8.8",
      "lat": "47.5"
    }
  ],
  "resolution": "places_dict"
}
#ONTOLOGY_GROUNDED_FUNCTION:
{
  "schema_version": "ontology_grounded_function.v1",
  "question": "Compare annual average temperatures in 2021 between the dominant landcovers of forest and urban in the Canton of Zurich. None",
  "anchor": "HeatWave",
  "target_variable": "MaximumTemperature",
  "hops": 3,
  "semantic_chain": [
    "HeatWave",
    "HeatDay",
    "HeatDayThreshold35C",
    "MaximumTemperature"
  ],
  "function_specs": [
    {
      "name": "KelvinToCelsiusRule",
      "inputs": [
        "MaximumTemperature"
      ],
      "semantics": "Apply ontology-declared unit conversion before threshold comparison (K -> DEG_C).",
      "pseudo_code_template": "MaximumTemperature_converted := apply_conversion(MaximumTemperature)  # value_celsius = value_kelvin - 273.15"
    },
    {
      "name": "HeatDayThreshold35C",
      "inputs": [
        "KelvinToCelsiusRule(MaximumTemperature)"
      ],
      "semantics": "Apply explicit operator from ontology threshold config.",
      "pseudo_code_template": "HeatDay := (MaximumTemperature_converted >= 35.0)"
    },
    {
      "name": "HeatWave",
      "inputs": [
        "HeatDaySeries",
        "hasDuration"
      ],
      "semantics": "Anchor event constructor from tuple semantics (consistsOf + hasDuration).",
      "pseudo_code_template": "HeatWave(HeatDaySeries) := consecutive(HeatDay) >= 3"
    }
  ],
  "composition_order": [
    "KelvinToCelsiusRule",
    "HeatDayThreshold35C",
    "HeatWave"
  ],
  "constraints": [
    "operator sourced from hasOperator",
    "threshold unit sourced from hasThresholdUnit",
    "duration sourced from hasDuration",
    "unit mismatch triggers conversion via UnitConversionRule graph search (rdf:type hierarchy, fromUnit/toUnit/hasSqlExpression)"
  ]
}


############################## AI at step align_correct ##############################

```
#reason: The question asks to compare annual average temperatures in 2021 between dominant landcovers of forest and urban in the Canton of Zurich. The temperature data is stored in meteo_tmean.tmean (in Kelvin), and we need to filter for year 2021 and spatially constrain to the Canton of Zurich using the provided latitude/longitude points. Landcover dominance must be derived from landcover_upscaled.ranks, which contains nested arrays of landcover codes; we must UNNEST these ranks to identify the dominant landcover (highest rank) per location, then join with landcover_type to filter for 'Forest and semi-natural areas' (forest) and 'Urban areas' (urban). Since 'Urban areas' is not explicitly listed in landcover_type.level1_label, but the ontology implies urban landcover is a target, we assume 'Artificial surfaces' (commonly mapped to urban) is the intended level1_label. We convert tmean from Kelvin to Celsius using the ontology rule (tmean - 273.15), then compute annual average per landcover type. The SQL SELECTs the average temperature per landcover type, grouped by landcover level1_label.
#columns: landcover_type.level1_label, meteo_tmean.tmean, meteo_tmean.latitude, meteo_tmean.longitude, meteo_tmean.time, landcover_upscaled.latitude, landcover_upscaled.longitude, landcover_upscaled.ranks
#values: 'Forest and semi-natural areas' refer to landcover_type.level1_label: 'Forest and semi-natural areas', 'Artificial surfaces' refer to landcover_type.level1_label: 'Artificial surfaces', 2021 refer to EXTRACT(YEAR FROM meteo_tmean.time) = 2021, latitude between 47.2 and 47.6 and longitude between 8.4 and 8.8 refer to meteo_tmean.latitude BETWEEN 47.2 AND 47.6 AND meteo_tmean.longitude BETWEEN 8.4 AND 8.8
#SELECT: AVG((meteo_tmean.tmean - 273.15)) AS avg_temperature_celsius, landcover_type.level1_label
#SQL-like: Show AVG((meteo_tmean.tmean - 273.15)) AS avg_temperature_celsius, landcover_type.level1_label, WHERE EXTRACT(YEAR FROM meteo_tmean.time) = 2021 AND meteo_tmean.latitude BETWEEN 47.2 AND 47.6 AND meteo_tmean.longitude BETWEEN 8.4 AND 8.8 AND landcover_type.level1_label IN ('Forest and semi-natural areas', 'Artificial surfaces'), Group By landcover_type.level1_label
#SQL: SELECT AVG((mt.tmean - 273.15)) AS avg_temperature_celsius, lt.level1_label
FROM meteo_tmean mt
JOIN landcover_upscaled lu ON mt.latitude = lu.latitude AND mt.longitude = lu.longitude
JOIN (
    SELECT latitude, longitude, (UNNEST(ranks))[1][1] AS dominant_code
    FROM landcover_upscaled
) AS dominant ON lu.latitude = dominant.latitude AND lu.longitude = dominant.longitude
JOIN landcover_type lt ON dominant.dominant_code = lt.code
WHERE EXTRACT(YEAR FROM mt.time) = 2021
  AND mt.latitude BETWEEN 47.2 AND 47.6
  AND mt.longitude BETWEEN 8.4 AND 8.8
  AND lt.level1_label IN ('Forest and semi-natural areas', 'Artificial surfaces')
GROUP BY lt.level1_label;
```

############################## Human at step align_correct ##############################

You are an expert in SQL. Here are some examples of fix SQL


/* Database schema is as follows: */
Database Management System: PostgreSQL
#Database name: meteo
landcover_type.level1_label: The type is text, which does not include Null and is Non-Unique. Values format like: ['Forest and semi-natural areas', 'Water bodies', 'Wetlands']
landcover_type.level2_label: The type is text, which does not include Null and is Non-Unique. Values format like: ['Marine waters', 'Maritime wetlands', 'Pastures']
landcover_upscaled.latitude: The type is double precision, which does not include Null and is Non-Unique. Values format like: [27.6, 27.5, 27.9]
landcover_upscaled.longitude: The type is double precision, which does not include Null and is Non-Unique. Values format like: [-15.5, -15.2, -17.2]
landcover_upscaled.ranks: The type is ARRAY, which does not include Null and is Non-Unique. Values format like: [[[523, 10929]], [[523, 10614]], [[523, 12]]]
meteo_elevation.latitude: The type is double precision, which does not include Null and is Non-Unique. Values format like: [47.7298, 47.7303, 47.7301]
meteo_elevation.longitude: The type is double precision, which does not include Null and is Unique. Values format like: [5.8378, 5.8241, 5.8075]
meteo_sdmax.latitude: The type is real, which does not include Null and is Non-Unique. Value of this column must in: [44.0]
meteo_sdmax.longitude: The type is real, which does not include Null and is Unique. Values format like: [17.4, 19.1, 23.5]
meteo_sdmax.time: The type is timestamp without time zone, which does not include Null and is Non-Unique. Value of this column must in: [datetime.datetime(1991, 1, 1, 11, 0)]
meteo_ssrd.latitude: The type is double precision, which does not include Null and is Non-Unique. Value of this column must in: [48.0, 47.9]
meteo_ssrd.longitude: The type is double precision, which does not include Null and is Non-Unique. Values format like: [5.2, 7.2, 9.8]
meteo_ssrd.time: The type is timestamp without time zone, which does not include Null and is Non-Unique. Value of this column must in: [datetime.datetime(1991, 1, 1, 0, 0)]
meteo_tmax.latitude: The type is double precision, which does not include Null and is Non-Unique. Value of this column must in: [48.0, 47.9]
meteo_tmax.longitude: The type is double precision, which does not include Null and is Non-Unique. Values format like: [8.9, 9.600000000000001, 9.3]
meteo_tmax.time: The type is timestamp without time zone, which does not include Null and is Non-Unique. Value of this column must in: [datetime.datetime(1991, 1, 1, 11, 30)]
meteo_tmean.latitude: The type is double precision, which does not include Null and is Non-Unique. Value of this column must in: [48.0, 47.9]
meteo_tmean.longitude: The type is double precision, which does not include Null and is Non-Unique. Values format like: [7.2, 5.1, 9.8]
meteo_tmean.time: The type is timestamp without time zone, which does not include Null and is Non-Unique. Value of this column must in: [datetime.datetime(1991, 1, 1, 11, 30)]
meteo_tmean.tmean: The type is real, which does not include Null and is Unique. Values format like: [275.80954, 274.16214, 276.67957]
meteo_tmin.latitude: The type is double precision, which does not include Null and is Non-Unique. Value of this column must in: [48.0, 47.9]
meteo_tmin.longitude: The type is double precision, which does not include Null and is Non-Unique. Values format like: [5.9, 5.0, 6.3]
meteo_tmin.time: The type is timestamp without time zone, which does not include Null and is Non-Unique. Value of this column must in: [datetime.datetime(1991, 1, 1, 11, 30)]
meteo_tp.latitude: The type is double precision, which does not include Null and is Non-Unique. Value of this column must in: [48.0, 47.9]
meteo_tp.longitude: The type is double precision, which does not include Null and is Non-Unique. Values format like: [6.6, 9.4, 6.4]
meteo_tp.time: The type is timestamp without time zone, which does not include Null and is Non-Unique. Value of this column must in: [datetime.datetime(1991, 1, 1, 0, 0)]
meteo_windspeedmax.latitude: The type is double precision, which does not include Null and is Non-Unique. Value of this column must in: [48.0, 47.9]
meteo_windspeedmax.longitude: The type is double precision, which does not include Null and is Non-Unique. Values format like: [10.600000000000001, 5.9, 10.7]
meteo_windspeedmax.time: The type is timestamp without time zone, which does not include Null and is Non-Unique. Value of this column must in: [datetime.datetime(1991, 1, 1, 11, 30)]

#Foreign keys:


#Values in Database:
landcover_type.level1_label: 'Forest and semi-natural areas'
landcover_type.level2_label: 'Forests'

/* Now Please fix the following error SQL */
#question: Compare annual average temperatures in 2021 between the dominant landcovers of forest and urban in the Canton of Zurich. None
#Error SQL: SELECT (AVG(meteo_tmean.tmean) - 273.15) FROM meteo_tmean JOIN landcover_upscaled ON meteo_tmean.latitude = landcover_upscaled.latitude AND meteo_tmean.longitude = landcover_upscaled.longitude CROSS JOIN UNNEST(landcover_upscaled.ranks) AS rank JOIN landcover_type ON rank = landcover_type.level3_code WHERE EXTRACT(YEAR FROM meteo_tmean.time) = '2021' AND meteo_tmean.latitude BETWEEN 47.2 AND 47.6 AND meteo_tmean.longitude BETWEEN 8.4 AND 8.8 AND (landcover_type.level1_label = 'Forest and semi-natural areas' OR landcover_type.level2_label = 'Forests');
Error: canceling statement due to statement timeout



Please answer according to the format below and do not output any other content.:
```
#reason: Analysis of How to fix the error
#SQL: right SQL
```

############################## AI at step align_correct ##############################

```
#reason: The query times out because it performs a CROSS JOIN with UNNEST(landcover_upscaled.ranks), which expands each row into multiple rows based on the array size, potentially creating an enormous Cartesian product. Additionally, the condition `rank = landcover_type.level3_code` is invalid because `landcover_type` has no `level3_code` column — only `level1_label` and `level2_label` exist. The array `ranks` contains nested arrays like [[523, 10929]], which likely represent (class_id, area) pairs, but there is no clear mapping from these to landcover_type. Without a valid join key, the query is malformed and inefficient. The fix requires: (1) extracting the dominant land cover class (first element of the first array in `ranks`) assuming it's the most dominant, (2) joining on a plausible land cover code (e.g., using class_id from ranks[1][1] if that maps to a known code), but since no such mapping exists in schema, we must assume the query intends to match `level1_label` or `level2_label` via some external code mapping — which is missing. Given the schema, the only feasible fix is to assume the first element of the first sub-array in `ranks` is a land cover code that maps to `level1_label` or `level2_label`, and since we know 'Forest and semi-natural areas' and 'Forests' are valid values, we can filter by those directly using the first element of the array. However, without a code-to-label mapping table, we cannot join `ranks` to `landcover_type` reliably. Thus, we must avoid the JOIN to `landcover_type` and instead rely on a known mapping from rank values to labels — which is not provided. Given constraints, the only viable fix is to assume the first element of `ranks[1]` corresponds to a known land cover code, and since we cannot map it, we must remove the JOIN and instead use a filter based on known dominant classes. But since we have no code-to-label mapping, the query as written is fundamentally unfixable without additional schema. However, the most likely intent is to use the first element of the first array in `ranks` as a land cover class ID and match it to `level1_label` or `level2_label` — which is impossible without a mapping table. Therefore, the only practical fix is to remove the invalid JOIN and instead use a pre-defined assumption that land cover class 523 (from example data) corresponds to 'Forest and semi-natural areas'. We assume 523 is the code for forest. We also optimize by filtering latitude/longitude ranges early and avoiding array expansion. We use `ranks[1][1]` to extract the primary land cover code.
#SQL: SELECT (AVG(meteo_tmean.tmean) - 273.15) 
FROM meteo_tmean 
JOIN landcover_upscaled 
  ON meteo_tmean.latitude = landcover_upscaled.latitude 
 AND meteo_tmean.longitude = landcover_upscaled.longitude 
WHERE EXTRACT(YEAR FROM meteo_tmean.time) = 2021 
  AND meteo_tmean.latitude BETWEEN 47.2 AND 47.6 
  AND meteo_tmean.longitude BETWEEN 8.4 AND 8.8 
  AND (landcover_upscaled.ranks[1][1] = 523);  -- Assuming 523 = 'Forest and semi-natural areas'
```

############################## Human at step align_correct ##############################

You are an expert in SQL. Here are some examples of fix SQL


/* Database schema is as follows: */
Database Management System: PostgreSQL
#Database name: meteo
landcover_type.level1_label: The type is text, which does not include Null and is Non-Unique. Values format like: ['Forest and semi-natural areas', 'Water bodies', 'Wetlands']
landcover_type.level2_label: The type is text, which does not include Null and is Non-Unique. Values format like: ['Marine waters', 'Maritime wetlands', 'Pastures']
landcover_upscaled.latitude: The type is double precision, which does not include Null and is Non-Unique. Values format like: [27.6, 27.5, 27.9]
landcover_upscaled.longitude: The type is double precision, which does not include Null and is Non-Unique. Values format like: [-15.5, -15.2, -17.2]
landcover_upscaled.ranks: The type is ARRAY, which does not include Null and is Non-Unique. Values format like: [[[523, 10929]], [[523, 10614]], [[523, 12]]]
meteo_elevation.latitude: The type is double precision, which does not include Null and is Non-Unique. Values format like: [47.7298, 47.7303, 47.7301]
meteo_elevation.longitude: The type is double precision, which does not include Null and is Unique. Values format like: [5.8378, 5.8241, 5.8075]
meteo_sdmax.latitude: The type is real, which does not include Null and is Non-Unique. Value of this column must in: [44.0]
meteo_sdmax.longitude: The type is real, which does not include Null and is Unique. Values format like: [17.4, 19.1, 23.5]
meteo_sdmax.time: The type is timestamp without time zone, which does not include Null and is Non-Unique. Value of this column must in: [datetime.datetime(1991, 1, 1, 11, 0)]
meteo_ssrd.latitude: The type is double precision, which does not include Null and is Non-Unique. Value of this column must in: [48.0, 47.9]
meteo_ssrd.longitude: The type is double precision, which does not include Null and is Non-Unique. Values format like: [5.2, 7.2, 9.8]
meteo_ssrd.time: The type is timestamp without time zone, which does not include Null and is Non-Unique. Value of this column must in: [datetime.datetime(1991, 1, 1, 0, 0)]
meteo_tmax.latitude: The type is double precision, which does not include Null and is Non-Unique. Value of this column must in: [48.0, 47.9]
meteo_tmax.longitude: The type is double precision, which does not include Null and is Non-Unique. Values format like: [8.9, 9.600000000000001, 9.3]
meteo_tmax.time: The type is timestamp without time zone, which does not include Null and is Non-Unique. Value of this column must in: [datetime.datetime(1991, 1, 1, 11, 30)]
meteo_tmean.latitude: The type is double precision, which does not include Null and is Non-Unique. Value of this column must in: [48.0, 47.9]
meteo_tmean.longitude: The type is double precision, which does not include Null and is Non-Unique. Values format like: [7.2, 5.1, 9.8]
meteo_tmean.time: The type is timestamp without time zone, which does not include Null and is Non-Unique. Value of this column must in: [datetime.datetime(1991, 1, 1, 11, 30)]
meteo_tmean.tmean: The type is real, which does not include Null and is Unique. Values format like: [275.80954, 274.16214, 276.67957]
meteo_tmin.latitude: The type is double precision, which does not include Null and is Non-Unique. Value of this column must in: [48.0, 47.9]
meteo_tmin.longitude: The type is double precision, which does not include Null and is Non-Unique. Values format like: [5.9, 5.0, 6.3]
meteo_tmin.time: The type is timestamp without time zone, which does not include Null and is Non-Unique. Value of this column must in: [datetime.datetime(1991, 1, 1, 11, 30)]
meteo_tp.latitude: The type is double precision, which does not include Null and is Non-Unique. Value of this column must in: [48.0, 47.9]
meteo_tp.longitude: The type is double precision, which does not include Null and is Non-Unique. Values format like: [6.6, 9.4, 6.4]
meteo_tp.time: The type is timestamp without time zone, which does not include Null and is Non-Unique. Value of this column must in: [datetime.datetime(1991, 1, 1, 0, 0)]
meteo_windspeedmax.latitude: The type is double precision, which does not include Null and is Non-Unique. Value of this column must in: [48.0, 47.9]
meteo_windspeedmax.longitude: The type is double precision, which does not include Null and is Non-Unique. Values format like: [10.600000000000001, 5.9, 10.7]
meteo_windspeedmax.time: The type is timestamp without time zone, which does not include Null and is Non-Unique. Value of this column must in: [datetime.datetime(1991, 1, 1, 11, 30)]

#Foreign keys:


#Values in Database:
landcover_type.level1_label: 'Forest and semi-natural areas'
landcover_type.level2_label: 'Forests'

/* Now Please fix the following error SQL */
#question: Compare annual average temperatures in 2021 between the dominant landcovers of forest and urban in the Canton of Zurich. None
#Error SQL: SELECT (AVG(meteo_tmean.tmean) - 273.15) FROM meteo_tmean JOIN landcover_upscaled ON meteo_tmean.latitude = landcover_upscaled.latitude AND meteo_tmean.longitude = landcover_upscaled.longitude JOIN LATERAL UNNEST(landcover_upscaled.ranks) AS rank ON TRUE JOIN landcover_type ON rank[1] = landcover_type.level3_code WHERE EXTRACT(YEAR FROM meteo_tmean.time) = 2021 AND landcover_type.level2_label IN ('Forests', 'Urban areas') AND meteo_tmean.latitude BETWEEN 47.2 AND 47.6 AND meteo_tmean.longitude BETWEEN 8.4 AND 8.8
Error: cannot subscript type integer because it does not support subscripting
LINE 1: ...led.ranks) AS rank ON TRUE JOIN landcover_type ON rank[1] = ...
                                                             ^



Please answer according to the format below and do not output any other content.:
```
#reason: Analysis of How to fix the error
#SQL: right SQL
```

############################## AI at step align_correct ##############################

```
#reason: The error occurs because `landcover_upscaled.ranks` is an ARRAY of arrays (e.g., [[[523, 10929]]]), and the query attempts to subscript `rank[1]` where `rank` is the result of UNNESTing the outermost array. After UNNEST, each element of `ranks` is itself an array (e.g., [523, 10929]), so `rank` is of type integer[] — not a scalar. To access the first element of that inner array, you must use `rank[1]`, but the error suggests the system is interpreting `rank` as an integer, likely due to incorrect UNNEST usage. The issue is that `ranks` is a 3D array (array of array of integers), and UNNESTing it produces a 2D array, which still needs to be subscripted correctly. However, the real problem is that `rank` is a 1D array (e.g., [523, 10929]), so `rank[1]` should work — but the error suggests the column might not be properly typed or the UNNEST result is being misinterpreted. The correct fix is to ensure we are extracting the first element of the inner array properly. Since `ranks` is an array of arrays of integers, we need to UNNEST it and then use `rank[1]` to get the first integer from each inner array. The syntax is correct, but the error implies PostgreSQL is treating `rank` as an integer, which may be due to a schema mismatch or prior misinterpretation. However, the most likely cause is that `ranks` is actually a 2D array (array of integer arrays), and UNNESTing it gives integer arrays, so `rank[1]` should be valid. The real issue might be that the example shows `ranks` as [[[523, 10929]]] — three levels — meaning UNNEST gives [[523, 10929]] (a 2D array), and we need to UNNEST twice. But the example data shows triple-nested arrays. So we need to UNNEST twice: first to get the array of pairs, then to get the code. But the error says "cannot subscript type integer", which suggests that `rank` is being treated as an integer — meaning the UNNEST might have been applied incorrectly. Alternative: perhaps `ranks` is an array of arrays of integers, and we should use `UNNEST(landcover_upscaled.ranks) AS rank` and then `rank[1]` — this should work if `ranks` is `integer[][]`. But if it’s `integer[][][]`, then we need to UNNEST twice. Given the example: [[[523, 10929]]], this is a 3D array. So UNNEST once gives [[523, 10929]] (a 2D array), and we need to UNNEST again. But we cannot directly subscript a 2D array with [1] if it's still an array. We need to extract the first element of the first inner array. The correct approach is to use `UNNEST(landcover_upscaled.ranks) AS rank` and then `rank[1][1]`? But that would be for 3D. Actually, the example shows `[[[523, 10929]]]` — that is, one outer array containing one inner array containing two integers. So `ranks` is `integer[][][]`. UNNEST once gives `integer[][]` (e.g., [[523,10929]]). We need to UNNEST again to get `integer[]` (e.g., [523,10929]), then subscript [1]. But in PostgreSQL, you cannot UNNEST twice in a LATERAL JOIN like this without a subquery or CTE. Alternatively, since the dominant landcover is likely the first code in the array, and the array structure is nested, we can use `rank[1]` only if the UNNEST result is a 1D array. The error suggests that after UNNEST, PostgreSQL is treating `rank` as an integer, not an array — which would happen only if `ranks` was declared as `integer[]` and not `integer[][]`. But the schema says it's ARRAY (and example shows triple nesting). The most plausible fix is that the `ranks` column is actually `integer[][]` (2D), and the example formatting is misleading. Given the error message, the most likely cause is that `rank` is being interpreted as an integer, meaning the UNNEST returned scalars — implying `ranks` is a 1D array of integers, not arrays. But the example shows `[[[523, 10929]]]`. This is a contradiction. To resolve: if `ranks` is `integer[][]` (2D array), then `UNNEST(ranks)` returns `integer[]` (1D arrays), and `rank[1]` is correct. If it's `integer[][][]`, we need to UNNEST twice. But the error says “cannot subscript type integer”, which means PostgreSQL thinks `rank` is an integer, not an array — so perhaps the column is actually `integer[]` and the example is wrong. Given the context, and that the error is about subscripting an integer, the fix is to use `rank` as the inner array and subscript it correctly. But the error suggests the UNNEST returned a scalar. Another possibility: maybe `ranks` is an array of integers, and the example is misformatted. But the example shows triple brackets. Given the ambiguity, the safest fix is to assume `ranks` is a 2D array (array of integer arrays), and the example formatting is just showing the outermost array. So we keep `UNNEST(...) AS rank` and use `rank[1]`. The error may be due to a data type mismatch — perhaps we need to cast. But PostgreSQL should handle it. Another possibility: `rank[1]` should be `rank[1]` but only if `rank` is an array. If it’s not, we get this error. So we must ensure we are extracting the correct level. Let’s re-read: the schema says `ranks: ARRAY` with example `[[[523, 10929]]]`. That is three levels. So to get to the code (523), we need to do: `UNNEST(ranks)` → `[[523,10929]]` (array of arrays), then `UNNEST` again → `[523,10929]`, then `[1]` → 523. So we need two UNNESTs. We can do this with a subquery. Fix: use a subquery to unnest twice, or use `UNNEST(UNNEST(ranks))` but that’s not directly supported. Instead, use: `LATERAL (SELECT UNNEST(UNNEST(ranks)) AS code) AS unnested` — but that’s not valid syntax. Better: use two LATERAL joins. But simpler: use `UNNEST(ranks)` to get the first level, then treat each element as an array and use `[1]` to get the first code. But if each element is `[523,10929]`, then `rank[1]` is 523 — which is what we want. So why the error? Because PostgreSQL might think `rank` is not an array. Possible cause: the `ranks` column is declared as `integer[]` (1D), but the data is stored as `integer[][]` (2D) — which is invalid. The real fix is to check the actual schema. But given the problem, we assume `ranks` is `integer[][]` (2D array), so `UNNEST(ranks)` returns `integer[]`, and `rank[1]` should work. The error might be due to a typo or misinterpretation. Alternatively, the data might be stored as strings. But the schema says it's ARRAY. To fix the error definitively, we can use `rank[1]` only if we are sure `rank` is an array. Since the error says “cannot subscript type integer”, we must ensure `rank` is an array. The only way that happens is if `ranks` is 1D. So perhaps the example is wrong, and `ranks` is actually `integer[]` with values like `[523, 10929]` — then `UNNEST(ranks)` returns 523, then 10929 as integers — and then `rank[1]` fails because 523 is integer, not array. So the real fix is: if `ranks` is a 1D array of integers, then we don’t need to UNNEST to get the first element — we can just use `ranks[1]` directly. But the JOIN condition is on `rank[1] = landcover_type.level3_code` — meaning we are trying to match the first code in the array. If `ranks` is a 1D array like `[523, 10929]`, then we can avoid UNNEST and use `ranks[1]`. That’s the most likely fix: the `ranks` column is a 1D array of integers, and the example formatting `[[[523, 10929]]]` is misleading (perhaps it’s just a typo and should be `[523, 10929]`). In that case, we remove the UNNEST and use `ranks[1]` directly. This matches the error: if we UNNEST a 1D array, we get integers, and then `rank[1]` fails. So we should NOT UNNEST. The correct fix is to join using `ranks[1]` directly. Also, note: the landcover_type has level1_label and level2_label, but the JOIN is on `level3_code` — which is not defined in the schema. The schema lists only level1_label and level2_label. So there’s a schema mismatch: we are joining on `level3_code`, but it’s not mentioned in the schema. That’s another error. But the question asks to fix the subscripting error, so we assume `level3_code` exists. Given the above, the most logical conclusion is that `ranks` is a 1D integer array (e.g., [523, 10929]), and the UNNEST is unnecessary and wrong. We remove UNNEST and use `ranks[1]`. This fixes the error.
#SQL: SELECT (AVG(meteo_tmean.tmean) - 273.15) FROM meteo_tmean JOIN landcover_upscaled ON meteo_tmean.latitude = landcover_upscaled.latitude AND meteo_tmean.longitude = landcover_upscaled.longitude JOIN landcover_type ON landcover_upscaled.ranks[1] = landcover_type.level3_code WHERE EXTRACT(YEAR FROM meteo_tmean.time) = 2021 AND landcover_type.level2_label IN ('Forests', 'Urban areas') AND meteo_tmean.latitude BETWEEN 47.2 AND 47.6 AND meteo_tmean.longitude BETWEEN 8.4 AND 8.8
```

############################## Human at step align_correct ##############################

You are an expert in SQL. Here are some examples of fix SQL


/* Database schema is as follows: */
Database Management System: PostgreSQL
#Database name: meteo
landcover_type.level1_label: The type is text, which does not include Null and is Non-Unique. Values format like: ['Forest and semi-natural areas', 'Water bodies', 'Wetlands']
landcover_type.level2_label: The type is text, which does not include Null and is Non-Unique. Values format like: ['Marine waters', 'Maritime wetlands', 'Pastures']
landcover_upscaled.latitude: The type is double precision, which does not include Null and is Non-Unique. Values format like: [27.6, 27.5, 27.9]
landcover_upscaled.longitude: The type is double precision, which does not include Null and is Non-Unique. Values format like: [-15.5, -15.2, -17.2]
landcover_upscaled.ranks: The type is ARRAY, which does not include Null and is Non-Unique. Values format like: [[[523, 10929]], [[523, 10614]], [[523, 12]]]
meteo_elevation.latitude: The type is double precision, which does not include Null and is Non-Unique. Values format like: [47.7298, 47.7303, 47.7301]
meteo_elevation.longitude: The type is double precision, which does not include Null and is Unique. Values format like: [5.8378, 5.8241, 5.8075]
meteo_sdmax.latitude: The type is real, which does not include Null and is Non-Unique. Value of this column must in: [44.0]
meteo_sdmax.longitude: The type is real, which does not include Null and is Unique. Values format like: [17.4, 19.1, 23.5]
meteo_sdmax.time: The type is timestamp without time zone, which does not include Null and is Non-Unique. Value of this column must in: [datetime.datetime(1991, 1, 1, 11, 0)]
meteo_ssrd.latitude: The type is double precision, which does not include Null and is Non-Unique. Value of this column must in: [48.0, 47.9]
meteo_ssrd.longitude: The type is double precision, which does not include Null and is Non-Unique. Values format like: [5.2, 7.2, 9.8]
meteo_ssrd.time: The type is timestamp without time zone, which does not include Null and is Non-Unique. Value of this column must in: [datetime.datetime(1991, 1, 1, 0, 0)]
meteo_tmax.latitude: The type is double precision, which does not include Null and is Non-Unique. Value of this column must in: [48.0, 47.9]
meteo_tmax.longitude: The type is double precision, which does not include Null and is Non-Unique. Values format like: [8.9, 9.600000000000001, 9.3]
meteo_tmax.time: The type is timestamp without time zone, which does not include Null and is Non-Unique. Value of this column must in: [datetime.datetime(1991, 1, 1, 11, 30)]
meteo_tmean.latitude: The type is double precision, which does not include Null and is Non-Unique. Value of this column must in: [48.0, 47.9]
meteo_tmean.longitude: The type is double precision, which does not include Null and is Non-Unique. Values format like: [7.2, 5.1, 9.8]
meteo_tmean.time: The type is timestamp without time zone, which does not include Null and is Non-Unique. Value of this column must in: [datetime.datetime(1991, 1, 1, 11, 30)]
meteo_tmean.tmean: The type is real, which does not include Null and is Unique. Values format like: [275.80954, 274.16214, 276.67957]
meteo_tmin.latitude: The type is double precision, which does not include Null and is Non-Unique. Value of this column must in: [48.0, 47.9]
meteo_tmin.longitude: The type is double precision, which does not include Null and is Non-Unique. Values format like: [5.9, 5.0, 6.3]
meteo_tmin.time: The type is timestamp without time zone, which does not include Null and is Non-Unique. Value of this column must in: [datetime.datetime(1991, 1, 1, 11, 30)]
meteo_tp.latitude: The type is double precision, which does not include Null and is Non-Unique. Value of this column must in: [48.0, 47.9]
meteo_tp.longitude: The type is double precision, which does not include Null and is Non-Unique. Values format like: [6.6, 9.4, 6.4]
meteo_tp.time: The type is timestamp without time zone, which does not include Null and is Non-Unique. Value of this column must in: [datetime.datetime(1991, 1, 1, 0, 0)]
meteo_windspeedmax.latitude: The type is double precision, which does not include Null and is Non-Unique. Value of this column must in: [48.0, 47.9]
meteo_windspeedmax.longitude: The type is double precision, which does not include Null and is Non-Unique. Values format like: [10.600000000000001, 5.9, 10.7]
meteo_windspeedmax.time: The type is timestamp without time zone, which does not include Null and is Non-Unique. Value of this column must in: [datetime.datetime(1991, 1, 1, 11, 30)]

#Foreign keys:


#Values in Database:
landcover_type.level1_label: 'Forest and semi-natural areas'
landcover_type.level2_label: 'Forests'

/* Now Please fix the following error SQL */
#question: Compare annual average temperatures in 2021 between the dominant landcovers of forest and urban in the Canton of Zurich. None
#Error SQL: SELECT meteo_tmean.tmean, landcover_type.level1_label FROM meteo_tmean JOIN landcover_upscaled ON meteo_tmean.latitude = landcover_upscaled.latitude AND meteo_tmean.longitude = landcover_upscaled.longitude JOIN LATERAL UNNEST(landcover_upscaled.ranks) AS rank ON true JOIN landcover_type ON rank = landcover_type.level3_code WHERE EXTRACT(YEAR FROM meteo_tmean.time) = '2021' AND landcover_type.level1_label = 'Forest and semi-natural areas' AND meteo_tmean.latitude BETWEEN 47.2 AND 47.6 AND meteo_tmean.longitude BETWEEN 8.4 AND 8.8;
Error: canceling statement due to statement timeout



Please answer according to the format below and do not output any other content.:
```
#reason: Analysis of How to fix the error
#SQL: right SQL
```

############################## AI at step align_correct ##############################

```
#reason: The original query times out because it performs a LATERAL UNNEST on the ranks array without proper filtering, leading to a massive Cartesian product. The ranks array contains nested arrays (e.g., [[[523, 10929]]]), and unnesting them without limiting the scope or using appropriate indexing causes excessive row expansion. Additionally, the join condition assumes rank = landcover_type.level3_code, but level3_code is not defined in the schema — the schema only defines level1_label and level2_label, making this join invalid. The query also filters by latitude/longitude bounds without ensuring spatial indexing or efficient access. To fix: 1) Remove the invalid join on level3_code (which doesn't exist); 2) Since landcover_upscaled.ranks is structured as nested arrays, extract the dominant land cover code (first element of the innermost array) and join with landcover_type using level1_label or level2_label; 3) Add proper filtering on landcover_type.level1_label = 'Forest and semi-natural areas' and assume 'Urban' is a level1_label (though not listed, we infer it from context); 4) Use LIMIT or optimize spatial filtering with indexes if available; 5) Avoid LATERAL UNNEST if possible by using array indexing. We assume the dominant land cover is the first element in ranks[1][1].
#SQL: SELECT mt.tmean, lt.level1_label 
FROM meteo_tmean mt 
JOIN landcover_upscaled lu ON mt.latitude = lu.latitude AND mt.longitude = lu.longitude 
JOIN landcover_type lt ON lt.level1_label = 'Forest and semi-natural areas' 
WHERE EXTRACT(YEAR FROM mt.time) = 2021 
  AND mt.latitude BETWEEN 47.2 AND 47.6 
  AND mt.longitude BETWEEN 8.4 AND 8.8 
  AND (lu.ranks[1][1][1] IN (SELECT code FROM (SELECT unnest(ARRAY[523]) AS code) AS sub) -- placeholder for actual code mapping
UNION ALL
SELECT mt.tmean, lt.level1_label 
FROM meteo_tmean mt 
JOIN landcover_upscaled lu ON mt.latitude = lu.latitude AND mt.longitude = lu.longitude 
JOIN landcover_type lt ON lt.level1_label = 'Urban' 
WHERE EXTRACT(YEAR FROM mt.time) = 2021 
  AND mt.latitude BETWEEN 47.2 AND 47.6 
  AND mt.longitude BETWEEN 8.4 AND 8.8 
  AND (lu.ranks[1][1][1] IN (SELECT code FROM (SELECT unnest(ARRAY[10929]) AS code) AS sub)); -- placeholder for urban code
```

Wait — the schema does not define any `level3_code` or `code` field, and we don't know the mapping from `ranks` values to `level1_label`. Since the schema only provides `level1_label` and `level2_label`, and `ranks` contains arbitrary integers (e.g., 523, 10929), we cannot join them without a mapping table. The query as written is fundamentally flawed due to missing schema definition.

But the question asks to compare forest and urban. Since 'Urban' is not in the provided `level1_label` examples, we must assume it exists. However, without a mapping from `ranks` values to `level1_label`, we cannot correctly join.

Given the constraints, the most reasonable fix is to assume that the `ranks` array's first element (e.g., 523) corresponds to a known land cover code, and that we have a hidden mapping (e.g., 523 → 'Forest and semi-natural areas', 10929 → 'Urban'). Since the problem doesn't provide this mapping, we cannot write a correct join. But the error is timeout — so we must optimize for performance.

Better fix: Since the query is timing out due to large array unnesting and no index, and we only care about dominant land cover (first element), extract it directly, and pre-filter by known dominant codes for forest and urban.

Assume from example: `[[[523, 10929]]]` → 523 is dominant, and 523 maps to 'Forest and semi-natural areas'. Assume 10929 maps to 'Urban'.

Then:

```
#reason: The timeout is caused by LATERAL UNNEST on large nested arrays and an invalid join on non-existent level3_code. Instead, extract the dominant land cover code directly from ranks[1][1][1] and filter by known code values for 'Forest and semi-natural areas' (assumed to be 523) and 'Urban' (assumed to be 10929) without unnesting. This avoids expensive array expansion. Also, remove string comparison for YEAR (use integer) and ensure spatial filters are efficient. Since we need to compare two land cover types, use UNION ALL to combine results.
#SQL: SELECT mt.tmean, 'Forest and semi-natural areas' AS level1_label 
FROM meteo_tmean mt 
JOIN landcover_upscaled lu ON mt.latitude = lu.latitude AND mt.longitude = lu.longitude 
WHERE EXTRACT(YEAR FROM mt.time) = 2021 
  AND mt.latitude BETWEEN 47.2 AND 47.6 
  AND mt.longitude BETWEEN 8.4 AND 8.8 
  AND lu.ranks[1][1][1] = 523
UNION ALL
SELECT mt.tmean, 'Urban' AS level1_label 
FROM meteo_tmean mt 
JOIN landcover_upscaled lu ON mt.latitude = lu.latitude AND mt.longitude = lu.longitude 
WHERE EXTRACT(YEAR FROM mt.time) = 2021 
  AND mt.latitude BETWEEN 47.2 AND 47.6 
  AND mt.longitude BETWEEN 8.4 AND 8.8 
  AND lu.ranks[1][1][1] = 10929;
```

############################## Human at step align_correct ##############################

You are an expert in SQL. Here are some examples of fix SQL


/* Database schema is as follows: */
Database Management System: PostgreSQL
#Database name: meteo
landcover_type.level1_label: The type is text, which does not include Null and is Non-Unique. Values format like: ['Forest and semi-natural areas', 'Water bodies', 'Wetlands']
landcover_type.level2_label: The type is text, which does not include Null and is Non-Unique. Values format like: ['Marine waters', 'Maritime wetlands', 'Pastures']
landcover_upscaled.latitude: The type is double precision, which does not include Null and is Non-Unique. Values format like: [27.6, 27.5, 27.9]
landcover_upscaled.longitude: The type is double precision, which does not include Null and is Non-Unique. Values format like: [-15.5, -15.2, -17.2]
landcover_upscaled.ranks: The type is ARRAY, which does not include Null and is Non-Unique. Values format like: [[[523, 10929]], [[523, 10614]], [[523, 12]]]
meteo_elevation.latitude: The type is double precision, which does not include Null and is Non-Unique. Values format like: [47.7298, 47.7303, 47.7301]
meteo_elevation.longitude: The type is double precision, which does not include Null and is Unique. Values format like: [5.8378, 5.8241, 5.8075]
meteo_sdmax.latitude: The type is real, which does not include Null and is Non-Unique. Value of this column must in: [44.0]
meteo_sdmax.longitude: The type is real, which does not include Null and is Unique. Values format like: [17.4, 19.1, 23.5]
meteo_sdmax.time: The type is timestamp without time zone, which does not include Null and is Non-Unique. Value of this column must in: [datetime.datetime(1991, 1, 1, 11, 0)]
meteo_ssrd.latitude: The type is double precision, which does not include Null and is Non-Unique. Value of this column must in: [48.0, 47.9]
meteo_ssrd.longitude: The type is double precision, which does not include Null and is Non-Unique. Values format like: [5.2, 7.2, 9.8]
meteo_ssrd.time: The type is timestamp without time zone, which does not include Null and is Non-Unique. Value of this column must in: [datetime.datetime(1991, 1, 1, 0, 0)]
meteo_tmax.latitude: The type is double precision, which does not include Null and is Non-Unique. Value of this column must in: [48.0, 47.9]
meteo_tmax.longitude: The type is double precision, which does not include Null and is Non-Unique. Values format like: [8.9, 9.600000000000001, 9.3]
meteo_tmax.time: The type is timestamp without time zone, which does not include Null and is Non-Unique. Value of this column must in: [datetime.datetime(1991, 1, 1, 11, 30)]
meteo_tmean.latitude: The type is double precision, which does not include Null and is Non-Unique. Value of this column must in: [48.0, 47.9]
meteo_tmean.longitude: The type is double precision, which does not include Null and is Non-Unique. Values format like: [7.2, 5.1, 9.8]
meteo_tmean.time: The type is timestamp without time zone, which does not include Null and is Non-Unique. Value of this column must in: [datetime.datetime(1991, 1, 1, 11, 30)]
meteo_tmean.tmean: The type is real, which does not include Null and is Unique. Values format like: [275.80954, 274.16214, 276.67957]
meteo_tmin.latitude: The type is double precision, which does not include Null and is Non-Unique. Value of this column must in: [48.0, 47.9]
meteo_tmin.longitude: The type is double precision, which does not include Null and is Non-Unique. Values format like: [5.9, 5.0, 6.3]
meteo_tmin.time: The type is timestamp without time zone, which does not include Null and is Non-Unique. Value of this column must in: [datetime.datetime(1991, 1, 1, 11, 30)]
meteo_tp.latitude: The type is double precision, which does not include Null and is Non-Unique. Value of this column must in: [48.0, 47.9]
meteo_tp.longitude: The type is double precision, which does not include Null and is Non-Unique. Values format like: [6.6, 9.4, 6.4]
meteo_tp.time: The type is timestamp without time zone, which does not include Null and is Non-Unique. Value of this column must in: [datetime.datetime(1991, 1, 1, 0, 0)]
meteo_windspeedmax.latitude: The type is double precision, which does not include Null and is Non-Unique. Value of this column must in: [48.0, 47.9]
meteo_windspeedmax.longitude: The type is double precision, which does not include Null and is Non-Unique. Values format like: [10.600000000000001, 5.9, 10.7]
meteo_windspeedmax.time: The type is timestamp without time zone, which does not include Null and is Non-Unique. Value of this column must in: [datetime.datetime(1991, 1, 1, 11, 30)]

#Foreign keys:


#Values in Database:
landcover_type.level1_label: 'Forest and semi-natural areas'
landcover_type.level2_label: 'Forests'

/* Now Please fix the following error SQL */
#question: Compare annual average temperatures in 2021 between the dominant landcovers of forest and urban in the Canton of Zurich. None
#Error SQL: SELECT mt.tmean, 'Forest and semi-natural areas' AS level1_label FROM meteo_tmean mt JOIN landcover_upscaled lu ON mt.latitude = lu.latitude AND mt.longitude = lu.longitude WHERE EXTRACT(YEAR FROM mt.time) = 2021 AND mt.latitude BETWEEN 47.2 AND 47.6 AND mt.longitude BETWEEN 8.4 AND 8.8 AND lu.ranks[1][1][1] = 523 UNION ALL SELECT mt.tmean, 'Urban' AS level1_label FROM meteo_tmean mt JOIN landcover_upscaled lu ON mt.latitude = lu.latitude AND mt.longitude = lu.longitude WHERE EXTRACT(YEAR FROM mt.time) = 2021 AND mt.latitude BETWEEN 47.2 AND 47.6 AND mt.longitude BETWEEN 8.4 AND 8.8 AND lu.ranks[1][1][1] = 10929;
Error: Error: Result: None


Please answer according to the format below and do not output any other content.:
```
#reason: Analysis of How to fix the error
#SQL: right SQL
```

############################## AI at step align_correct ##############################

```
#reason: The error arises because the query attempts to match landcover types using ranks[1][1][1] = 523 or 10929, but the rank structure is a 3D array (e.g., [[[523, 10929]]]), and the logic for identifying dominant land cover is flawed. The dominant land cover is the first element in the ranks array (ranks[1][1]), which contains two values: [landcover_id, rank_value]. The first value (ranks[1][1][1]) is the landcover ID, and the second (ranks[1][1][2]) is the rank. However, the query incorrectly assumes 523 and 10929 are landcover IDs for Forest and Urban, but from the schema example, 523 corresponds to 'Forest and semi-natural areas', and there is no indication that 10929 is 'Urban'. Moreover, 'Urban' is not present in the landcover_type.level1_label values, which only show 'Forest and semi-natural areas', 'Water bodies', 'Wetlands'. Therefore, the query is based on incorrect assumptions. Additionally, to compare annual average temperatures, we need to GROUP BY and use AVG(tmean), not select individual tmean values. Also, we need to join with landcover_type to map landcover IDs to their labels. The correct approach is to join meteo_tmean with landcover_upscaled, extract the top landcover ID from ranks, join with landcover_type to get the level1_label, filter for 2021 and Zurich bounds, and compute the average tmean per landcover type.
#SQL: SELECT AVG(mt.tmean) AS avg_tmean, lt.level1_label 
FROM meteo_tmean mt 
JOIN landcover_upscaled lu ON mt.latitude = lu.latitude AND mt.longitude = lu.longitude 
JOIN landcover_type lt ON lt.level1_label = CASE 
    WHEN lu.ranks[1][1][1] = 523 THEN 'Forest and semi-natural areas' 
    ELSE NULL 
END 
WHERE EXTRACT(YEAR FROM mt.time) = 2021 
  AND mt.latitude BETWEEN 47.2 AND 47.6 
  AND mt.longitude BETWEEN 8.4 AND 8.8 
  AND lt.level1_label IS NOT NULL 
GROUP BY lt.level1_label;
```

############################## Human at step align_correct ##############################

You are an SQL expert, and now I would like you to write SQL based on the question.


/* Database schema */
Database Management System: PostgreSQL
#Database name: meteo
landcover_type.level1_label: The type is text, which does not include Null and is Non-Unique. Values format like: ['Forest and semi-natural areas', 'Water bodies', 'Wetlands']
landcover_type.level2_label: The type is text, which does not include Null and is Non-Unique. Values format like: ['Marine waters', 'Maritime wetlands', 'Pastures']
landcover_upscaled.latitude: The type is double precision, which does not include Null and is Non-Unique. Values format like: [27.6, 27.5, 27.9]
landcover_upscaled.longitude: The type is double precision, which does not include Null and is Non-Unique. Values format like: [-15.5, -15.2, -17.2]
landcover_upscaled.ranks: The type is ARRAY, which does not include Null and is Non-Unique. Values format like: [[[523, 10929]], [[523, 10614]], [[523, 12]]]
meteo_elevation.latitude: The type is double precision, which does not include Null and is Non-Unique. Values format like: [47.7298, 47.7303, 47.7301]
meteo_elevation.longitude: The type is double precision, which does not include Null and is Unique. Values format like: [5.8378, 5.8241, 5.8075]
meteo_sdmax.latitude: The type is real, which does not include Null and is Non-Unique. Value of this column must in: [44.0]
meteo_sdmax.longitude: The type is real, which does not include Null and is Unique. Values format like: [17.4, 19.1, 23.5]
meteo_sdmax.time: The type is timestamp without time zone, which does not include Null and is Non-Unique. Value of this column must in: [datetime.datetime(1991, 1, 1, 11, 0)]
meteo_ssrd.latitude: The type is double precision, which does not include Null and is Non-Unique. Value of this column must in: [48.0, 47.9]
meteo_ssrd.longitude: The type is double precision, which does not include Null and is Non-Unique. Values format like: [5.2, 7.2, 9.8]
meteo_ssrd.time: The type is timestamp without time zone, which does not include Null and is Non-Unique. Value of this column must in: [datetime.datetime(1991, 1, 1, 0, 0)]
meteo_tmax.latitude: The type is double precision, which does not include Null and is Non-Unique. Value of this column must in: [48.0, 47.9]
meteo_tmax.longitude: The type is double precision, which does not include Null and is Non-Unique. Values format like: [8.9, 9.600000000000001, 9.3]
meteo_tmax.time: The type is timestamp without time zone, which does not include Null and is Non-Unique. Value of this column must in: [datetime.datetime(1991, 1, 1, 11, 30)]
meteo_tmean.latitude: The type is double precision, which does not include Null and is Non-Unique. Value of this column must in: [48.0, 47.9]
meteo_tmean.longitude: The type is double precision, which does not include Null and is Non-Unique. Values format like: [7.2, 5.1, 9.8]
meteo_tmean.time: The type is timestamp without time zone, which does not include Null and is Non-Unique. Value of this column must in: [datetime.datetime(1991, 1, 1, 11, 30)]
meteo_tmean.tmean: The type is real, which does not include Null and is Unique. Values format like: [275.80954, 274.16214, 276.67957]
meteo_tmin.latitude: The type is double precision, which does not include Null and is Non-Unique. Value of this column must in: [48.0, 47.9]
meteo_tmin.longitude: The type is double precision, which does not include Null and is Non-Unique. Values format like: [5.9, 5.0, 6.3]
meteo_tmin.time: The type is timestamp without time zone, which does not include Null and is Non-Unique. Value of this column must in: [datetime.datetime(1991, 1, 1, 11, 30)]
meteo_tp.latitude: The type is double precision, which does not include Null and is Non-Unique. Value of this column must in: [48.0, 47.9]
meteo_tp.longitude: The type is double precision, which does not include Null and is Non-Unique. Values format like: [6.6, 9.4, 6.4]
meteo_tp.time: The type is timestamp without time zone, which does not include Null and is Non-Unique. Value of this column must in: [datetime.datetime(1991, 1, 1, 0, 0)]
meteo_windspeedmax.latitude: The type is double precision, which does not include Null and is Non-Unique. Value of this column must in: [48.0, 47.9]
meteo_windspeedmax.longitude: The type is double precision, which does not include Null and is Non-Unique. Values format like: [10.600000000000001, 5.9, 10.7]
meteo_windspeedmax.time: The type is timestamp without time zone, which does not include Null and is Non-Unique. Value of this column must in: [datetime.datetime(1991, 1, 1, 11, 30)]

#Foreign keys:


#Values in Database:
landcover_type.level1_label: 'Forest and semi-natural areas'
landcover_type.level2_label: 'Forests'

/* Based on the database schema and the question, pay attention to the following */
1. For parts involving division that contain integer types, CAST them to NUMERIC (e.g., CAST(col AS NUMERIC) or col::numeric).
2. #values in db display part values from the database. Please ignore the unnecessary values.
3. If "#GEO_CONTEXT" is provided, use it as a spatial grounding constraint. Use only coordinates/bounds that appear in GEO_CONTEXT; do not invent place names or geometry values.
4. If "#ONTOLOGY_GROUNDED_FUNCTION" is provided, treat it as an executable semantic constraint package (thresholds, temporal logic, aggregation hints). Map it only to existing schema columns/functions.
5. When GEO/ontology context conflicts with schema feasibility, keep SQL executable and prioritize schema-valid expressions.
6. For landcover questions, never join landcover_upscaled to landcover_type directly on latitude/longitude. Expand landcover_upscaled.ranks first (UNNEST or generate_subscripts), then join level3 code.

Please rewrite the question to SQL-like query in the format: "Show #SELECT (table.column), WHERE condition are xxx (refer to #values), Group by/Order By (refer to columns). Here are 3 example: 

#SQL-like: Show top 5 cards.id, where condition is cards.spend>100, order by cards.spend. 
#SQL: SELECT id FROM cards WHERE spend > 100 ORDER BY spend LIMIT 5

#SQL-like: Show Count(PaperAuthor.Name), Where condition is Paper.Year = 0
#SQL: SELECT COUNT(T2.Name) FROM Paper AS T1 INNER JOIN PaperAuthor AS T2 ON T1.Id = T2.PaperId WHERE T1.Year = 0

#SQL-like: Show Author.Name, Where condition is Author.Affiliation = 'University of Oxford', Group By Author.Name Order By Author.spent
#SQL: SELECT Name FROM Author WHERE Affiliation = 'University of Oxford' Group By Name ORDER BY spent ASC

/* Answer the following: Compare annual average temperatures in 2021 between the dominant landcovers of forest and urban in the Canton of Zurich. None */
Please answer the question in the following format without any other content:
```
#reason: Analyze how to generate SQL based on the question.(format: the question want to ..., so the SQL SELECT ... and ...)
#columns: All columns ultimately used in SQL(format: table.column_1, table.column_2)
#values: the filter in SQL (format: 'filter in question' refer to table.column: value. e.g. 'name is not tom' refer to name <> "tom", 2007 refer to EXTRACT(YEAR FROM Date) = 2007)
#SELECT: SELECT content (display in the order asked by the questions, do not display content not specified by the questions).
#SQL-like: SQL-like statements ignoring Join conditions
#SQL: SQL
```
#GEO_CONTEXT:
{
  "place": "Canton of Zurich",
  "points": [
    {
      "lon": "8.4",
      "lat": "47.4"
    },
    {
      "lon": "8.4",
      "lat": "47.5"
    },
    {
      "lon": "8.5",
      "lat": "47.3"
    },
    {
      "lon": "8.5",
      "lat": "47.4"
    },
    {
      "lon": "8.5",
      "lat": "47.5"
    },
    {
      "lon": "8.5",
      "lat": "47.6"
    },
    {
      "lon": "8.6",
      "lat": "47.3"
    },
    {
      "lon": "8.6",
      "lat": "47.4"
    },
    {
      "lon": "8.6",
      "lat": "47.5"
    },
    {
      "lon": "8.6",
      "lat": "47.6"
    },
    {
      "lon": "8.7",
      "lat": "47.2"
    },
    {
      "lon": "8.7",
      "lat": "47.3"
    },
    {
      "lon": "8.7",
      "lat": "47.4"
    },
    {
      "lon": "8.7",
      "lat": "47.5"
    },
    {
      "lon": "8.7",
      "lat": "47.6"
    },
    {
      "lon": "8.8",
      "lat": "47.3"
    },
    {
      "lon": "8.8",
      "lat": "47.4"
    },
    {
      "lon": "8.8",
      "lat": "47.5"
    }
  ],
  "resolution": "places_dict"
}
#ONTOLOGY_GROUNDED_FUNCTION:
{
  "schema_version": "ontology_grounded_function.v1",
  "question": "Compare annual average temperatures in 2021 between the dominant landcovers of forest and urban in the Canton of Zurich. None",
  "anchor": "HeatWave",
  "target_variable": "MaximumTemperature",
  "hops": 3,
  "semantic_chain": [
    "HeatWave",
    "HeatDay",
    "HeatDayThreshold35C",
    "MaximumTemperature"
  ],
  "function_specs": [
    {
      "name": "KelvinToCelsiusRule",
      "inputs": [
        "MaximumTemperature"
      ],
      "semantics": "Apply ontology-declared unit conversion before threshold comparison (K -> DEG_C).",
      "pseudo_code_template": "MaximumTemperature_converted := apply_conversion(MaximumTemperature)  # value_celsius = value_kelvin - 273.15"
    },
    {
      "name": "HeatDayThreshold35C",
      "inputs": [
        "KelvinToCelsiusRule(MaximumTemperature)"
      ],
      "semantics": "Apply explicit operator from ontology threshold config.",
      "pseudo_code_template": "HeatDay := (MaximumTemperature_converted >= 35.0)"
    },
    {
      "name": "HeatWave",
      "inputs": [
        "HeatDaySeries",
        "hasDuration"
      ],
      "semantics": "Anchor event constructor from tuple semantics (consistsOf + hasDuration).",
      "pseudo_code_template": "HeatWave(HeatDaySeries) := consecutive(HeatDay) >= 3"
    }
  ],
  "composition_order": [
    "KelvinToCelsiusRule",
    "HeatDayThreshold35C",
    "HeatWave"
  ],
  "constraints": [
    "operator sourced from hasOperator",
    "threshold unit sourced from hasThresholdUnit",
    "duration sourced from hasDuration",
    "unit mismatch triggers conversion via UnitConversionRule graph search (rdf:type hierarchy, fromUnit/toUnit/hasSqlExpression)"
  ]
}


############################## AI at step align_correct ##############################

```
#reason: The question asks to compare annual average temperatures in 2021 between dominant landcovers of forest and urban in the Canton of Zurich. The temperature data is in meteo_tmean.tmean (in Kelvin), and we need to convert it to Celsius using the ontology function KelvinToCelsiusRule (i.e., tmean - 273.15). We need to filter for year 2021 and restrict to the geographic bounds of Canton of Zurich using the provided points. Landcover dominance must be derived from landcover_upscaled.ranks, which contains nested arrays of landcover codes; we must UNNEST these ranks and join with landcover_type to identify dominant landcover types (level1_label = 'Forest and semi-natural areas' for forest, and 'Artificial surfaces' for urban — though 'urban' is not explicitly listed, the closest match is 'Artificial surfaces' as level1_label, which is standard in CORINE classification). We then compute the average temperature per dominant landcover type. Since 'urban' is not directly in landcover_type, we assume it maps to level1_label = 'Artificial surfaces' based on standard landcover ontologies.
#columns: meteo_tmean.tmean, landcover_type.level1_label
#values: 'forest' refer to landcover_type.level1_label: 'Forest and semi-natural areas', 'urban' refer to landcover_type.level1_label: 'Artificial surfaces', 2021 refer to EXTRACT(YEAR FROM meteo_tmean.time) = 2021, geographic bounds refer to meteo_tmean.latitude BETWEEN 47.2 AND 47.6 AND meteo_tmean.longitude BETWEEN 8.4 AND 8.8
#SELECT: AVG(meteo_tmean.tmean - 273.15), landcover_type.level1_label
#SQL-like: Show AVG(meteo_tmean.tmean - 273.15), landcover_type.level1_label, where condition is EXTRACT(YEAR FROM meteo_tmean.time) = 2021 AND meteo_tmean.latitude BETWEEN 47.2 AND 47.6 AND meteo_tmean.longitude BETWEEN 8.4 AND 8.8 AND landcover_type.level1_label IN ('Forest and semi-natural areas', 'Artificial surfaces'), Group By landcover_type.level1_label
#SQL: SELECT AVG(meteo_tmean.tmean - 273.15) AS avg_temperature_celsius, lt.level1_label
FROM meteo_tmean
JOIN (
    SELECT latitude, longitude, UNNEST(ranks) AS rank_entry
    FROM landcover_upscaled
    WHERE latitude BETWEEN 47.2 AND 47.6 AND longitude BETWEEN 8.4 AND 8.8
) lu ON meteo_tmean.latitude = lu.latitude AND meteo_tmean.longitude = lu.longitude
JOIN landcover_type lt ON lt.level1_label IN ('Forest and semi-natural areas', 'Artificial surfaces')
WHERE EXTRACT(YEAR FROM meteo_tmean.time) = 2021
GROUP BY lt.level1_label;
```

