############################## Human at step extract_col_value ##############################

/* Some extract examples are provided based on similar problems: */
/* Answer the following: Please give the name of the course in which most numbers of the students got an A. Also, list the full name of the students who got an A in this course. most number of students got an A refers MAX(COUNT(student_id WHERE grade = 'A')); full name = f_name, l_name; got an A refers to grade = 'A'; */
#reason: The question requires display in order: "name of the course", "full name"."A" is filtering condition.
#columns: course.name, student.f_name, student.l_name, registration.grade, registration.student_id
#values: "A"

/* Answer the following:How much more votes for episode 1 than for episode 5? more votes refers to SUBTRACT(SUM(votes when episode = 1), SUM(votes when episode = 5)) */
#reason: The question requires display in order: "How much more vote". The definition of "more vote" is SUBTRACT(SUM(votes when episode = 1), SUM(votes when episode = 5)). 1, 5 are filtering conditions.
#columns: Episode.episode, Vote.votes
#values: "1", "5"

/* Answer the following: What is the average score of the movie "The Fall of Berlin" in 2019? Average score refers to Avg(rating_score); */
#reason: The question requires display in order: "average score". Average score is Avg(rating_score), "The Fall of Berlin",2019 are filtering conditions.
#columns: ratings.rating_score, ratings.rating_id, ratings.rating_timestamp_utc, movies.movie_title
#values: "The Fall of Berlin", "2019"

/* Answer the following: How many distinct orders were there in 2003 when the quantity ordered was less than 30? "year(orderDate) = '2003'; quantityOrdered < 30;" */
#reason:  The question requires display in order: "How many distinct orders"." in 2003", "less than 30" are filtering conditions.
#columns: orderdetails.orderNumber, orderdetails.quantityOrdered, orders.orderDate
#values: "30", "2003"



/* Database schema */
Database Management System: PostgreSQL
#Database name: meteo
## Table landcover_type:
id: The type is integer, which does not include Null and is Unique. Values format like: [19, 2, 34]
level1_code: The type is integer, which does not include Null and is Non-Unique. Values format like: [4, 2, 5]
level1_label: The type is text, which does not include Null and is Non-Unique. Values format like: ['Forest and semi-natural areas', 'Water bodies', 'Wetlands']
level2_code: The type is integer, which does not include Null and is Non-Unique. Values format like: [22, 21, 24]
level2_label: The type is text, which does not include Null and is Non-Unique. Values format like: ['Marine waters', 'Maritime wetlands', 'Pastures']
level3_code: The type is integer, which does not include Null and is Unique. Values format like: [213, 312, 521]
level3_label: The type is text, which does not include Null and is Unique. Values format like: ['Glaciers and perpetual snow', 'Dump sites', 'Inland marshes']

## Table landcover_upscaled:
latitude: The type is double precision, which does not include Null and is Non-Unique. Values format like: [27.6, 27.5, 27.9]
longitude: The type is double precision, which does not include Null and is Non-Unique. Values format like: [-15.5, -15.2, -17.2]
ranks: The type is ARRAY, which does not include Null and is Non-Unique. Values format like: [[[523, 10929]], [[523, 10614]], [[523, 12]]]

## Table meteo_elevation:
id: The type is integer, which does not include Null and is Unique. Values format like: [16, 53, 31]
latitude: The type is double precision, which does not include Null and is Non-Unique. Values format like: [47.7298, 47.7303, 47.7301]
longitude: The type is double precision, which does not include Null and is Unique. Values format like: [5.8378, 5.8241, 5.8075]
elevation: The type is double precision, which does not include Null and is Unique. Values format like: [262.32, 261.07, 267.04]

## Table meteo_sdmax:
time: The type is timestamp without time zone, which does not include Null and is Non-Unique. Value of this column must in: [datetime.datetime(1991, 1, 1, 11, 0)]
time_bnds_start: The type is timestamp without time zone, which does not include Null and is Non-Unique. Value of this column must in: [datetime.datetime(1991, 1, 1, 0, 0)]
time_bnds_end: The type is timestamp without time zone, which does not include Null and is Non-Unique. Value of this column must in: [datetime.datetime(1991, 1, 1, 23, 0)]
latitude: The type is real, which does not include Null and is Non-Unique. Value of this column must in: [44.0]
longitude: The type is real, which does not include Null and is Unique. Values format like: [17.4, 19.1, 23.5]
sdmax: The type is double precision, which does not include Null and is Non-Unique. Values format like: [0.1543006004608365, 0.005855887968656992, 0.1904323847336456]

## Table meteo_ssrd:
time: The type is timestamp without time zone, which does not include Null and is Non-Unique. Value of this column must in: [datetime.datetime(1991, 1, 1, 0, 0)]
latitude: The type is double precision, which does not include Null and is Non-Unique. Value of this column must in: [48.0, 47.9]
longitude: The type is double precision, which does not include Null and is Non-Unique. Values format like: [5.2, 7.2, 9.8]
ssrd: The type is double precision, which does not include Null and is Unique. Values format like: [2455904.0, 3285964.0, 3006604.0]

## Table meteo_tmax:
time: The type is timestamp without time zone, which does not include Null and is Non-Unique. Value of this column must in: [datetime.datetime(1991, 1, 1, 11, 30)]
time_bnds_start: The type is timestamp without time zone, which does not include Null and is Non-Unique. Value of this column must in: [datetime.datetime(1991, 1, 1, 0, 0)]
time_bnds_end: The type is timestamp without time zone, which does not include Null and is Non-Unique. Value of this column must in: [datetime.datetime(1991, 1, 1, 23, 0)]
latitude: The type is double precision, which does not include Null and is Non-Unique. Value of this column must in: [48.0, 47.9]
longitude: The type is double precision, which does not include Null and is Non-Unique. Values format like: [8.9, 9.600000000000001, 9.3]
tmax: The type is real, which does not include Null and is Non-Unique. Values format like: [278.1831, 276.86865, 280.3921]

## Table meteo_tmean:
time: The type is timestamp without time zone, which does not include Null and is Non-Unique. Value of this column must in: [datetime.datetime(1991, 1, 1, 11, 30)]
time_bnds_start: The type is timestamp without time zone, which does not include Null and is Non-Unique. Value of this column must in: [datetime.datetime(1991, 1, 1, 0, 0)]
time_bnds_end: The type is timestamp without time zone, which does not include Null and is Non-Unique. Value of this column must in: [datetime.datetime(1991, 1, 1, 23, 0)]
latitude: The type is double precision, which does not include Null and is Non-Unique. Value of this column must in: [48.0, 47.9]
longitude: The type is double precision, which does not include Null and is Non-Unique. Values format like: [7.2, 5.1, 9.8]
tmean: The type is real, which does not include Null and is Unique. Values format like: [275.80954, 274.16214, 276.67957]

## Table meteo_tmin:
time: The type is timestamp without time zone, which does not include Null and is Non-Unique. Value of this column must in: [datetime.datetime(1991, 1, 1, 11, 30)]
time_bnds_start: The type is timestamp without time zone, which does not include Null and is Non-Unique. Value of this column must in: [datetime.datetime(1991, 1, 1, 0, 0)]
time_bnds_end: The type is timestamp without time zone, which does not include Null and is Non-Unique. Value of this column must in: [datetime.datetime(1991, 1, 1, 23, 0)]
latitude: The type is double precision, which does not include Null and is Non-Unique. Value of this column must in: [48.0, 47.9]
longitude: The type is double precision, which does not include Null and is Non-Unique. Values format like: [5.9, 5.0, 6.3]
tmin: The type is real, which does not include Null and is Non-Unique. Values format like: [275.60016, 275.70953, 274.0431]

## Table meteo_tp:
time: The type is timestamp without time zone, which does not include Null and is Non-Unique. Value of this column must in: [datetime.datetime(1991, 1, 1, 0, 0)]
latitude: The type is double precision, which does not include Null and is Non-Unique. Value of this column must in: [48.0, 47.9]
longitude: The type is double precision, which does not include Null and is Non-Unique. Values format like: [6.6, 9.4, 6.4]
tp: The type is real, which does not include Null and is Unique. Values format like: [0.0043916972, 0.0024763464, 0.005056289]

## Table meteo_windspeedmax:
time: The type is timestamp without time zone, which does not include Null and is Non-Unique. Value of this column must in: [datetime.datetime(1991, 1, 1, 11, 30)]
time_bnds_start: The type is timestamp without time zone, which does not include Null and is Non-Unique. Value of this column must in: [datetime.datetime(1991, 1, 1, 0, 0)]
time_bnds_end: The type is timestamp without time zone, which does not include Null and is Non-Unique. Value of this column must in: [datetime.datetime(1991, 1, 1, 23, 0)]
latitude: The type is double precision, which does not include Null and is Non-Unique. Value of this column must in: [48.0, 47.9]
longitude: The type is double precision, which does not include Null and is Non-Unique. Values format like: [10.600000000000001, 5.9, 10.7]
windspeedmax: The type is real, which does not include Null and is Unique. Values format like: [4.6727343, 4.60072, 5.389693]

#Foreign keys:


#Database Description: The database encompasses meteorological and geographical data, including weather variables (temperature, precipitation, wind speed, radiation), elevation information, and land cover classifications associated with specific coordinates and timestamps.
#Tables Descriptions:
landcover_type: Hierarchical classification codes and labels for different levels of land cover types.
landcover_upscaled: Geographic coordinates linked to arrays of land cover ranks.
meteo_elevation: Elevation data recorded for specific latitude and longitude coordinates.
meteo_sdmax: Maximum standard deviation values with time boundaries and geographic coordinates.
meteo_ssrd: Surface solar radiation downwards data associated with timestamps and locations.
meteo_tmax: Maximum temperature records including time boundaries and geographic coordinates.
meteo_tmean: Mean temperature records including time boundaries and geographic coordinates.
meteo_tmin: Minimum temperature records including time boundaries and geographic coordinates.
meteo_tp: Total precipitation data associated with timestamps and locations.
meteo_windspeedmax: Maximum wind speed records including time boundaries and geographic coordinates.


Attention:
1. if the question have when\where\which, pay attention to pick table.column related to time, location and name in #columns
2. Please answer the question in the following format without any other content:
```
#reason: Analysis of which columns and values might be relevant to the question. Note that when dealing with questions about time, who, which, what, etc., you should keep column related to time, names, and locations in the #column.(format: The question query xxx, the related column include table.column, the values include values)
#columns: The top 10 columns relevant to the question( format: table.column_1, table.column_2 ...)
#values: Potential filter values that the question might query(format: "value1", "value2" ...)
```
/* Answer the following: What is the first level landcover type with the highest annual average temperature in Canton Zurich in 2010? None */


############################## AI at step extract_col_value ##############################

```
#reason: The question asks for the first-level landcover type (level1_label) with the highest annual average temperature in Canton Zurich in 2010. However, the database does not contain any information about administrative regions like "Canton Zurich" or direct association between landcover_type and temperature data. While meteo_tmean, meteo_tmax, meteo_tmin contain temperature data with latitude/longitude and time, and landcover_type contains level1_label, there is no direct join or geographic mapping between landcover_type and meteorological tables (e.g., no column linking landcover codes to meteorological grid points). Additionally, "Canton Zurich" is not a defined value in any table. Thus, the required data cannot be derived from the schema.
#columns: landcover_type.level1_label, meteo_tmean.tmean, meteo_tmean.time, meteo_tmean.latitude, meteo_tmean.longitude
#values: "2010"
```

############################## Human at step extract_query_noun ##############################

Please extract all nouns and phrases from the following sentence, separating the results directly with a comma( format: "noun_1", "noun_2","phrases" ):
What is the first level landcover type with the highest annual average temperature in Canton Zurich in 2010? None

############################## AI at step extract_query_noun ##############################

"level", "landcover", "type", "annual average temperature", "Canton Zurich", "2010"

############################## Human at step column_retrieve_and_other_info ##############################

现在我们定义一个问句的语法原子单元如下:
Q: 询问词: 如 calculate\ Include\ List\ List out\ List all\ give\ state\ Name\ In which\ How many\  which\ what\ who\ when\ provide\ Tally\ identify\ Find\ mention\ write等
J: 判断词： 如 Do\ Did\ If\ Is\ Are等
I: 查询内容: 查询的主体内容, 如: name, ID, date, location, item, biggest city.
C: 条件句: 通过介词和连词引入的查询的要求或属性, 如大于、等于、排序、聚合等. 介词和连词有: of\ have\ with\ that\ by. 条件句的形式例子有: with condition\ have condition\ of attribute\ that was condition


一个问题通过这些原子串联起来。常见的串联方式有
QIC(询问句): List the student with score more than 80: Q: 'List' I: 'the student' C: 'with score more than 80'
JC(判断句): State if Tom is a Cat? : J: 'State if C: is a Cat?'
C(条件句): For all people in Beijing
现在请你针对下面的问题, 把问题中的内容按照上述原子定义提取出来
问题如下: What is the first level landcover type with the highest annual average temperature in Canton Zurich in 2010?

请按照下面的json格式进行回答:

```json
[{"Type":"类型(QIC,JC,C)",
"Extract":{//不存在的填null
    "Q":"询问词",
    "J":"判断词",
    "I":['查询内容a', '查询内容b'],//只有查询内容用and或alongside连接时,才分成多个实体填入List
    "C":["条件句a","属性b"]
}},
{}]
```

############################## AI at step column_retrieve_and_other_info ##############################

```json
[{"Type":"QIC",
"Extract":{
    "Q":"What",
    "J":null,
    "I":["first level landcover type"],
    "C":["with the highest annual average temperature", "in Canton Zurich", "in 2010"]
}}]
```

############################## Human at step candidate_generate ##############################



/* Database schema */
Database Management System: PostgreSQL
#Database name: meteo
landcover_type.level1_label: The type is text, which does not include Null and is Non-Unique. Values format like: ['Forest and semi-natural areas', 'Water bodies', 'Wetlands']
landcover_upscaled.latitude: The type is double precision, which does not include Null and is Non-Unique. Values format like: [27.6, 27.5, 27.9]
landcover_upscaled.longitude: The type is double precision, which does not include Null and is Non-Unique. Values format like: [-15.5, -15.2, -17.2]
meteo_elevation.latitude: The type is double precision, which does not include Null and is Non-Unique. Values format like: [47.7298, 47.7303, 47.7301]
meteo_elevation.longitude: The type is double precision, which does not include Null and is Unique. Values format like: [5.8378, 5.8241, 5.8075]
meteo_sdmax.latitude: The type is real, which does not include Null and is Non-Unique. Value of this column must in: [44.0]
meteo_sdmax.longitude: The type is real, which does not include Null and is Unique. Values format like: [17.4, 19.1, 23.5]
meteo_sdmax.time: The type is timestamp without time zone, which does not include Null and is Non-Unique. Value of this column must in: [datetime.datetime(1991, 1, 1, 11, 0)]
meteo_ssrd.latitude: The type is double precision, which does not include Null and is Non-Unique. Value of this column must in: [48.0, 47.9]
meteo_ssrd.longitude: The type is double precision, which does not include Null and is Non-Unique. Values format like: [5.2, 7.2, 9.8]
meteo_ssrd.time: The type is timestamp without time zone, which does not include Null and is Non-Unique. Value of this column must in: [datetime.datetime(1991, 1, 1, 0, 0)]
meteo_tmax.latitude: The type is double precision, which does not include Null and is Non-Unique. Value of this column must in: [48.0, 47.9]
meteo_tmax.longitude: The type is double precision, which does not include Null and is Non-Unique. Values format like: [8.9, 9.600000000000001, 9.3]
meteo_tmax.time: The type is timestamp without time zone, which does not include Null and is Non-Unique. Value of this column must in: [datetime.datetime(1991, 1, 1, 11, 30)]
meteo_tmean.latitude: The type is double precision, which does not include Null and is Non-Unique. Value of this column must in: [48.0, 47.9]
meteo_tmean.longitude: The type is double precision, which does not include Null and is Non-Unique. Values format like: [7.2, 5.1, 9.8]
meteo_tmean.time: The type is timestamp without time zone, which does not include Null and is Non-Unique. Value of this column must in: [datetime.datetime(1991, 1, 1, 11, 30)]
meteo_tmean.tmean: The type is real, which does not include Null and is Unique. Values format like: [275.80954, 274.16214, 276.67957]
meteo_tmin.latitude: The type is double precision, which does not include Null and is Non-Unique. Value of this column must in: [48.0, 47.9]
meteo_tmin.longitude: The type is double precision, which does not include Null and is Non-Unique. Values format like: [5.9, 5.0, 6.3]
meteo_tmin.time: The type is timestamp without time zone, which does not include Null and is Non-Unique. Value of this column must in: [datetime.datetime(1991, 1, 1, 11, 30)]
meteo_tp.latitude: The type is double precision, which does not include Null and is Non-Unique. Value of this column must in: [48.0, 47.9]
meteo_tp.longitude: The type is double precision, which does not include Null and is Non-Unique. Values format like: [6.6, 9.4, 6.4]
meteo_tp.time: The type is timestamp without time zone, which does not include Null and is Non-Unique. Value of this column must in: [datetime.datetime(1991, 1, 1, 0, 0)]
meteo_windspeedmax.latitude: The type is double precision, which does not include Null and is Non-Unique. Value of this column must in: [48.0, 47.9]
meteo_windspeedmax.longitude: The type is double precision, which does not include Null and is Non-Unique. Values format like: [10.600000000000001, 5.9, 10.7]
meteo_windspeedmax.time: The type is timestamp without time zone, which does not include Null and is Non-Unique. Value of this column must in: [datetime.datetime(1991, 1, 1, 11, 30)]

#Foreign keys:


#Values in Database:


# Based on the database schema and the examples above, pay attention to the following:
1. For parts involving division that contain integer types, CAST them to NUMERIC (e.g., CAST(col AS NUMERIC) or col::numeric).
2. "#Values in Database" display part values from the database. Please ignore the unnecessary values.
3. If "#GEO_CONTEXT" is provided, use it as a spatial grounding constraint. Use only coordinates/bounds that appear in GEO_CONTEXT; do not invent place names or geometry values.
4. If "#ONTOLOGY_GROUNDED_FUNCTION" is provided, treat it as an executable semantic constraint package (thresholds, temporal logic, aggregation hints). Map it only to existing schema columns/functions.
5. When GEO/ontology context conflicts with schema feasibility, keep SQL executable and prioritize schema-valid expressions.
6. For landcover questions, never join landcover_upscaled to landcover_type directly on latitude/longitude. Expand landcover_upscaled.ranks first (UNNEST or generate_subscripts), then join level3 code.
7. Please refer to the examples above and answer in the following format without any other content:
```
#reason: Analyze how to generate SQL based on the question.(format: the question want to ..., so the SQL SELECT ... and ...)
#columns: All columns ultimately used in SQL(format: table.column_1, table.column_2)
#values: the filter in SQL (format: 'filter in question' refer to 'table.column <op> value'. e.g. 'name is not tom' refer to name <> 'tom', 'in 2007' refer to "EXTRACT(YEAR FROM Date) = 2007")
#SELECT: SELECT content (format like: 'query in question' refer to table.column. The order of columns in the SELECT clause must be the same as the order in the question.)
#SQL-like: SQL-like statements ignoring Join conditions
#SQL: SQL
```

/* Answer the following: What is the first level landcover type with the highest annual average temperature in Canton Zurich in 2010? None */
['first level landcover type']
#GEO_CONTEXT:
{
  "place": "Canton of Zurich",
  "points": [
    {
      "lon": "8.4",
      "lat": "47.4"
    },
    {
      "lon": "8.4",
      "lat": "47.5"
    },
    {
      "lon": "8.5",
      "lat": "47.3"
    },
    {
      "lon": "8.5",
      "lat": "47.4"
    },
    {
      "lon": "8.5",
      "lat": "47.5"
    },
    {
      "lon": "8.5",
      "lat": "47.6"
    },
    {
      "lon": "8.6",
      "lat": "47.3"
    },
    {
      "lon": "8.6",
      "lat": "47.4"
    },
    {
      "lon": "8.6",
      "lat": "47.5"
    },
    {
      "lon": "8.6",
      "lat": "47.6"
    },
    {
      "lon": "8.7",
      "lat": "47.2"
    },
    {
      "lon": "8.7",
      "lat": "47.3"
    },
    {
      "lon": "8.7",
      "lat": "47.4"
    },
    {
      "lon": "8.7",
      "lat": "47.5"
    },
    {
      "lon": "8.7",
      "lat": "47.6"
    },
    {
      "lon": "8.8",
      "lat": "47.3"
    },
    {
      "lon": "8.8",
      "lat": "47.4"
    },
    {
      "lon": "8.8",
      "lat": "47.5"
    }
  ],
  "resolution": "places_dict"
}
#ONTOLOGY_GROUNDED_FUNCTION:
{
  "schema_version": "ontology_grounded_function.v1",
  "question": "What is the first level landcover type with the highest annual average temperature in Canton Zurich in 2010? None",
  "anchor": "appliesToVariable",
  "target_variable": "",
  "hops": null,
  "semantic_chain": [],
  "function_specs": [
    {
      "name": "Threshold",
      "inputs": [
        "Variable"
      ],
      "semantics": "Apply explicit operator from ontology threshold config.",
      "pseudo_code_template": "ThresholdMatch := (Variable >= threshold_value)"
    }
  ],
  "composition_order": [
    "Threshold"
  ],
  "constraints": [
    "operator sourced from hasOperator",
    "threshold unit sourced from hasThresholdUnit",
    "duration sourced from hasDuration"
  ]
}


############################## AI at step candidate_generate ##############################

['```\n#reason: The question asks for the first-level landcover type with the highe', '```\n#reason: The question asks for the first-level landcover type with the highe', '```\n#reason: The question asks for the first-level landcover type with the highe', '```\n#reason: The question asks for the first-level landcover type with the highe', '```\n#reason: The question asks for the first level landcover type with the highe']

############################## Human at step align_correct ##############################

You are an expert in SQL. Here are some examples of fix SQL


/* Database schema is as follows: */
Database Management System: PostgreSQL
#Database name: meteo
landcover_type.level1_label: The type is text, which does not include Null and is Non-Unique. Values format like: ['Forest and semi-natural areas', 'Water bodies', 'Wetlands']
landcover_upscaled.latitude: The type is double precision, which does not include Null and is Non-Unique. Values format like: [27.6, 27.5, 27.9]
landcover_upscaled.longitude: The type is double precision, which does not include Null and is Non-Unique. Values format like: [-15.5, -15.2, -17.2]
meteo_elevation.latitude: The type is double precision, which does not include Null and is Non-Unique. Values format like: [47.7298, 47.7303, 47.7301]
meteo_elevation.longitude: The type is double precision, which does not include Null and is Unique. Values format like: [5.8378, 5.8241, 5.8075]
meteo_sdmax.latitude: The type is real, which does not include Null and is Non-Unique. Value of this column must in: [44.0]
meteo_sdmax.longitude: The type is real, which does not include Null and is Unique. Values format like: [17.4, 19.1, 23.5]
meteo_sdmax.time: The type is timestamp without time zone, which does not include Null and is Non-Unique. Value of this column must in: [datetime.datetime(1991, 1, 1, 11, 0)]
meteo_ssrd.latitude: The type is double precision, which does not include Null and is Non-Unique. Value of this column must in: [48.0, 47.9]
meteo_ssrd.longitude: The type is double precision, which does not include Null and is Non-Unique. Values format like: [5.2, 7.2, 9.8]
meteo_ssrd.time: The type is timestamp without time zone, which does not include Null and is Non-Unique. Value of this column must in: [datetime.datetime(1991, 1, 1, 0, 0)]
meteo_tmax.latitude: The type is double precision, which does not include Null and is Non-Unique. Value of this column must in: [48.0, 47.9]
meteo_tmax.longitude: The type is double precision, which does not include Null and is Non-Unique. Values format like: [8.9, 9.600000000000001, 9.3]
meteo_tmax.time: The type is timestamp without time zone, which does not include Null and is Non-Unique. Value of this column must in: [datetime.datetime(1991, 1, 1, 11, 30)]
meteo_tmean.latitude: The type is double precision, which does not include Null and is Non-Unique. Value of this column must in: [48.0, 47.9]
meteo_tmean.longitude: The type is double precision, which does not include Null and is Non-Unique. Values format like: [7.2, 5.1, 9.8]
meteo_tmean.time: The type is timestamp without time zone, which does not include Null and is Non-Unique. Value of this column must in: [datetime.datetime(1991, 1, 1, 11, 30)]
meteo_tmean.tmean: The type is real, which does not include Null and is Unique. Values format like: [275.80954, 274.16214, 276.67957]
meteo_tmin.latitude: The type is double precision, which does not include Null and is Non-Unique. Value of this column must in: [48.0, 47.9]
meteo_tmin.longitude: The type is double precision, which does not include Null and is Non-Unique. Values format like: [5.9, 5.0, 6.3]
meteo_tmin.time: The type is timestamp without time zone, which does not include Null and is Non-Unique. Value of this column must in: [datetime.datetime(1991, 1, 1, 11, 30)]
meteo_tp.latitude: The type is double precision, which does not include Null and is Non-Unique. Value of this column must in: [48.0, 47.9]
meteo_tp.longitude: The type is double precision, which does not include Null and is Non-Unique. Values format like: [6.6, 9.4, 6.4]
meteo_tp.time: The type is timestamp without time zone, which does not include Null and is Non-Unique. Value of this column must in: [datetime.datetime(1991, 1, 1, 0, 0)]
meteo_windspeedmax.latitude: The type is double precision, which does not include Null and is Non-Unique. Value of this column must in: [48.0, 47.9]
meteo_windspeedmax.longitude: The type is double precision, which does not include Null and is Non-Unique. Values format like: [10.600000000000001, 5.9, 10.7]
meteo_windspeedmax.time: The type is timestamp without time zone, which does not include Null and is Non-Unique. Value of this column must in: [datetime.datetime(1991, 1, 1, 11, 30)]

#Foreign keys:


#Values in Database:


/* Now Please fix the following error SQL */
#question: What is the first level landcover type with the highest annual average temperature in Canton Zurich in 2010? None
#Error SQL: SELECT landcover_type.level1_label FROM landcover_upscaled, UNNEST(landcover_upscaled.ranks) AS rank JOIN landcover_type ON landcover_type.level3_code = rank JOIN meteo_tmean ON landcover_upscaled.latitude = meteo_tmean.latitude AND landcover_upscaled.longitude = meteo_tmean.longitude WHERE meteo_tmean.latitude BETWEEN 47.2 AND 47.6 AND meteo_tmean.longitude BETWEEN 8.4 AND 8.8 AND EXTRACT(YEAR FROM meteo_tmean.time) = '2010' GROUP BY landcover_type.level1_label ORDER BY (AVG(meteo_tmean.tmean) - 273.15) DESC LIMIT 1;
Error: invalid reference to FROM-clause entry for table "landcover_upscaled"
LINE 1: ...cover_type.level3_code = rank JOIN meteo_tmean ON landcover_...
                                                             ^
DETAIL:  There is an entry for table "landcover_upscaled", but it cannot be referenced from this part of the query.



Please answer according to the format below and do not output any other content.:
```
#reason: Analysis of How to fix the error
#SQL: right SQL
```

############################## AI at step align_correct ##############################

```
#reason: The error occurs because the UNNEST(landcover_upscaled.ranks) is used in the FROM clause without properly joining it with landcover_upscaled in a way that maintains the reference. In PostgreSQL, when using UNNEST in a JOIN or FROM clause, the original table (landcover_upscaled) must be explicitly referenced in the FROM clause before UNNEST, or the UNNEST must be treated as a lateral join. Additionally, the original query incorrectly uses string '2010' for EXTRACT(YEAR FROM ...), which should be an integer. The fix involves using a LATERAL join to properly reference landcover_upscaled alongside UNNEST, and correcting the year filter to use an integer.
#SQL: SELECT landcover_type.level1_label 
FROM landcover_upscaled 
JOIN LATERAL UNNEST(landcover_upscaled.ranks) AS rank ON true 
JOIN landcover_type ON landcover_type.level3_code = rank 
JOIN meteo_tmean ON landcover_upscaled.latitude = meteo_tmean.latitude AND landcover_upscaled.longitude = meteo_tmean.longitude 
WHERE meteo_tmean.latitude BETWEEN 47.2 AND 47.6 
  AND meteo_tmean.longitude BETWEEN 8.4 AND 8.8 
  AND EXTRACT(YEAR FROM meteo_tmean.time) = 2010 
GROUP BY landcover_type.level1_label 
ORDER BY AVG(meteo_tmean.tmean) - 273.15 DESC 
LIMIT 1;
```

############################## Human at step align_correct ##############################

You are an expert in SQL. Here are some examples of fix SQL


/* Database schema is as follows: */
Database Management System: PostgreSQL
#Database name: meteo
landcover_type.level1_label: The type is text, which does not include Null and is Non-Unique. Values format like: ['Forest and semi-natural areas', 'Water bodies', 'Wetlands']
landcover_upscaled.latitude: The type is double precision, which does not include Null and is Non-Unique. Values format like: [27.6, 27.5, 27.9]
landcover_upscaled.longitude: The type is double precision, which does not include Null and is Non-Unique. Values format like: [-15.5, -15.2, -17.2]
meteo_elevation.latitude: The type is double precision, which does not include Null and is Non-Unique. Values format like: [47.7298, 47.7303, 47.7301]
meteo_elevation.longitude: The type is double precision, which does not include Null and is Unique. Values format like: [5.8378, 5.8241, 5.8075]
meteo_sdmax.latitude: The type is real, which does not include Null and is Non-Unique. Value of this column must in: [44.0]
meteo_sdmax.longitude: The type is real, which does not include Null and is Unique. Values format like: [17.4, 19.1, 23.5]
meteo_sdmax.time: The type is timestamp without time zone, which does not include Null and is Non-Unique. Value of this column must in: [datetime.datetime(1991, 1, 1, 11, 0)]
meteo_ssrd.latitude: The type is double precision, which does not include Null and is Non-Unique. Value of this column must in: [48.0, 47.9]
meteo_ssrd.longitude: The type is double precision, which does not include Null and is Non-Unique. Values format like: [5.2, 7.2, 9.8]
meteo_ssrd.time: The type is timestamp without time zone, which does not include Null and is Non-Unique. Value of this column must in: [datetime.datetime(1991, 1, 1, 0, 0)]
meteo_tmax.latitude: The type is double precision, which does not include Null and is Non-Unique. Value of this column must in: [48.0, 47.9]
meteo_tmax.longitude: The type is double precision, which does not include Null and is Non-Unique. Values format like: [8.9, 9.600000000000001, 9.3]
meteo_tmax.time: The type is timestamp without time zone, which does not include Null and is Non-Unique. Value of this column must in: [datetime.datetime(1991, 1, 1, 11, 30)]
meteo_tmean.latitude: The type is double precision, which does not include Null and is Non-Unique. Value of this column must in: [48.0, 47.9]
meteo_tmean.longitude: The type is double precision, which does not include Null and is Non-Unique. Values format like: [7.2, 5.1, 9.8]
meteo_tmean.time: The type is timestamp without time zone, which does not include Null and is Non-Unique. Value of this column must in: [datetime.datetime(1991, 1, 1, 11, 30)]
meteo_tmean.tmean: The type is real, which does not include Null and is Unique. Values format like: [275.80954, 274.16214, 276.67957]
meteo_tmin.latitude: The type is double precision, which does not include Null and is Non-Unique. Value of this column must in: [48.0, 47.9]
meteo_tmin.longitude: The type is double precision, which does not include Null and is Non-Unique. Values format like: [5.9, 5.0, 6.3]
meteo_tmin.time: The type is timestamp without time zone, which does not include Null and is Non-Unique. Value of this column must in: [datetime.datetime(1991, 1, 1, 11, 30)]
meteo_tp.latitude: The type is double precision, which does not include Null and is Non-Unique. Value of this column must in: [48.0, 47.9]
meteo_tp.longitude: The type is double precision, which does not include Null and is Non-Unique. Values format like: [6.6, 9.4, 6.4]
meteo_tp.time: The type is timestamp without time zone, which does not include Null and is Non-Unique. Value of this column must in: [datetime.datetime(1991, 1, 1, 0, 0)]
meteo_windspeedmax.latitude: The type is double precision, which does not include Null and is Non-Unique. Value of this column must in: [48.0, 47.9]
meteo_windspeedmax.longitude: The type is double precision, which does not include Null and is Non-Unique. Values format like: [10.600000000000001, 5.9, 10.7]
meteo_windspeedmax.time: The type is timestamp without time zone, which does not include Null and is Non-Unique. Value of this column must in: [datetime.datetime(1991, 1, 1, 11, 30)]

#Foreign keys:


#Values in Database:


/* Now Please fix the following error SQL */
#question: What is the first level landcover type with the highest annual average temperature in Canton Zurich in 2010? None
#Error SQL: SELECT landcover_type.level1_label FROM landcover_upscaled CROSS JOIN UNNEST(landcover_upscaled.ranks) AS rank_code JOIN landcover_type ON landcover_type.code = rank_code JOIN meteo_tmean ON landcover_upscaled.latitude = meteo_tmean.latitude AND landcover_upscaled.longitude = meteo_tmean.longitude WHERE meteo_tmean.latitude BETWEEN 47.2 AND 47.6 AND meteo_tmean.longitude BETWEEN 8.4 AND 8.8 AND EXTRACT(YEAR FROM meteo_tmean.time) = '2010' GROUP BY landcover_type.level1_label ORDER BY (AVG(meteo_tmean.tmean) - 273.15) DESC LIMIT 1;
Error: column landcover_type.code does not exist
LINE 1: ...scaled.ranks) AS rank_code JOIN landcover_type ON landcover_...
                                                             ^



Please answer according to the format below and do not output any other content.:
```
#reason: Analysis of How to fix the error
#SQL: right SQL
```

############################## AI at step align_correct ##############################

```
#reason: The error occurs because the query references landcover_type.code, but based on the provided schema, there is no table named landcover_type with a column named code. The schema only lists landcover_upscaled (with latitude, longitude) and landcover_type (with level1_label), but no explicit relationship or code column is defined. The mention of UNNEST(landcover_upscaled.ranks) suggests ranks may be an array column in landcover_upscaled, but there is no indication that landcover_type has a code column to join on. Since no valid foreign key or matching column exists between landcover_upscaled and landcover_type, the JOIN is invalid. Without a valid way to link landcover_upscaled to landcover_type.level1_label, the query cannot be fixed as written. However, if we assume that landcover_upscaled has a column named level1_label (inferred from the context of the question and the existence of landcover_type.level1_label), then we can directly use that column without the invalid JOIN. The rest of the query (spatial and temporal filtering, temperature conversion) is logically sound. Thus, the fix is to remove the invalid JOIN and directly select from landcover_upscaled assuming it contains level1_label.
#SQL: SELECT landcover_upscaled.level1_label FROM landcover_upscaled JOIN meteo_tmean ON landcover_upscaled.latitude = meteo_tmean.latitude AND landcover_upscaled.longitude = meteo_tmean.longitude WHERE meteo_tmean.latitude BETWEEN 47.2 AND 47.6 AND meteo_tmean.longitude BETWEEN 8.4 AND 8.8 AND EXTRACT(YEAR FROM meteo_tmean.time) = 2010 GROUP BY landcover_upscaled.level1_label ORDER BY AVG(meteo_tmean.tmean) - 273.15 DESC LIMIT 1;
```

############################## Human at step align_correct ##############################

You are an expert in SQL. Here are some examples of fix SQL


/* Database schema is as follows: */
Database Management System: PostgreSQL
#Database name: meteo
landcover_type.level1_label: The type is text, which does not include Null and is Non-Unique. Values format like: ['Forest and semi-natural areas', 'Water bodies', 'Wetlands']
landcover_upscaled.latitude: The type is double precision, which does not include Null and is Non-Unique. Values format like: [27.6, 27.5, 27.9]
landcover_upscaled.longitude: The type is double precision, which does not include Null and is Non-Unique. Values format like: [-15.5, -15.2, -17.2]
meteo_elevation.latitude: The type is double precision, which does not include Null and is Non-Unique. Values format like: [47.7298, 47.7303, 47.7301]
meteo_elevation.longitude: The type is double precision, which does not include Null and is Unique. Values format like: [5.8378, 5.8241, 5.8075]
meteo_sdmax.latitude: The type is real, which does not include Null and is Non-Unique. Value of this column must in: [44.0]
meteo_sdmax.longitude: The type is real, which does not include Null and is Unique. Values format like: [17.4, 19.1, 23.5]
meteo_sdmax.time: The type is timestamp without time zone, which does not include Null and is Non-Unique. Value of this column must in: [datetime.datetime(1991, 1, 1, 11, 0)]
meteo_ssrd.latitude: The type is double precision, which does not include Null and is Non-Unique. Value of this column must in: [48.0, 47.9]
meteo_ssrd.longitude: The type is double precision, which does not include Null and is Non-Unique. Values format like: [5.2, 7.2, 9.8]
meteo_ssrd.time: The type is timestamp without time zone, which does not include Null and is Non-Unique. Value of this column must in: [datetime.datetime(1991, 1, 1, 0, 0)]
meteo_tmax.latitude: The type is double precision, which does not include Null and is Non-Unique. Value of this column must in: [48.0, 47.9]
meteo_tmax.longitude: The type is double precision, which does not include Null and is Non-Unique. Values format like: [8.9, 9.600000000000001, 9.3]
meteo_tmax.time: The type is timestamp without time zone, which does not include Null and is Non-Unique. Value of this column must in: [datetime.datetime(1991, 1, 1, 11, 30)]
meteo_tmean.latitude: The type is double precision, which does not include Null and is Non-Unique. Value of this column must in: [48.0, 47.9]
meteo_tmean.longitude: The type is double precision, which does not include Null and is Non-Unique. Values format like: [7.2, 5.1, 9.8]
meteo_tmean.time: The type is timestamp without time zone, which does not include Null and is Non-Unique. Value of this column must in: [datetime.datetime(1991, 1, 1, 11, 30)]
meteo_tmean.tmean: The type is real, which does not include Null and is Unique. Values format like: [275.80954, 274.16214, 276.67957]
meteo_tmin.latitude: The type is double precision, which does not include Null and is Non-Unique. Value of this column must in: [48.0, 47.9]
meteo_tmin.longitude: The type is double precision, which does not include Null and is Non-Unique. Values format like: [5.9, 5.0, 6.3]
meteo_tmin.time: The type is timestamp without time zone, which does not include Null and is Non-Unique. Value of this column must in: [datetime.datetime(1991, 1, 1, 11, 30)]
meteo_tp.latitude: The type is double precision, which does not include Null and is Non-Unique. Value of this column must in: [48.0, 47.9]
meteo_tp.longitude: The type is double precision, which does not include Null and is Non-Unique. Values format like: [6.6, 9.4, 6.4]
meteo_tp.time: The type is timestamp without time zone, which does not include Null and is Non-Unique. Value of this column must in: [datetime.datetime(1991, 1, 1, 0, 0)]
meteo_windspeedmax.latitude: The type is double precision, which does not include Null and is Non-Unique. Value of this column must in: [48.0, 47.9]
meteo_windspeedmax.longitude: The type is double precision, which does not include Null and is Non-Unique. Values format like: [10.600000000000001, 5.9, 10.7]
meteo_windspeedmax.time: The type is timestamp without time zone, which does not include Null and is Non-Unique. Value of this column must in: [datetime.datetime(1991, 1, 1, 11, 30)]

#Foreign keys:


#Values in Database:


/* Now Please fix the following error SQL */
#question: What is the first level landcover type with the highest annual average temperature in Canton Zurich in 2010? None
#Error SQL: SELECT lt.level1_label FROM landcover_upscaled lu JOIN meteo_tmean mt ON lu.latitude = mt.latitude AND lu.longitude = mt.longitude JOIN landcover_type lt ON lt.code = UNNEST(lu.ranks) WHERE lu.latitude BETWEEN 47.2 AND 47.6 AND lu.longitude BETWEEN 8.4 AND 8.8 AND EXTRACT(YEAR FROM mt.time) = '2010' GROUP BY lt.level1_label ORDER BY (AVG(mt.tmean) - 273.15) DESC LIMIT 1;
Error: column lt.code does not exist
LINE 1: ...ongitude = mt.longitude JOIN landcover_type lt ON lt.code = ...
                                                             ^



Please answer according to the format below and do not output any other content.:
```
#reason: Analysis of How to fix the error
#SQL: right SQL
```

############################## AI at step align_correct ##############################

```
#reason: The error occurs because the query attempts to join landcover_type on lt.code = UNNEST(lu.ranks), but the schema does not define a column named "code" in the landcover_type table. Instead, landcover_type contains only the column level1_label, and there is no indication of any code column in the provided schema. The landcover_upscaled table has a column named ranks, which is likely an array of values referencing landcover_type entries. Since landcover_type only has level1_label and no code, the join condition is invalid. To fix this, we must assume that ranks in landcover_upscaled directly corresponds to the position or index of level1_label in landcover_type (e.g., ranks contain integer indices or labels matching level1_label values). Given the context and lack of a code column, the most plausible fix is to unnest ranks and match the resulting values directly to level1_label (assuming ranks contain string labels matching level1_label). Alternatively, if ranks contain integer indices, we would need an implicit ordering, but no such mapping is provided. Since the sample values for level1_label are text like 'Forest and semi-natural areas', it is reasonable to assume ranks contains these same text values. Thus, we change the join condition to match UNNEST(lu.ranks) with lt.level1_label.
#SQL: SELECT lt.level1_label FROM landcover_upscaled lu JOIN meteo_tmean mt ON lu.latitude = mt.latitude AND lu.longitude = mt.longitude JOIN landcover_type lt ON lt.level1_label = UNNEST(lu.ranks) WHERE lu.latitude BETWEEN 47.2 AND 47.6 AND lu.longitude BETWEEN 8.4 AND 8.8 AND EXTRACT(YEAR FROM mt.time) = 2010 GROUP BY lt.level1_label ORDER BY AVG(mt.tmean) - 273.15 DESC LIMIT 1;
```

############################## Human at step align_correct ##############################

You are an expert in SQL. Here are some examples of fix SQL


/* Database schema is as follows: */
Database Management System: PostgreSQL
#Database name: meteo
landcover_type.level1_label: The type is text, which does not include Null and is Non-Unique. Values format like: ['Forest and semi-natural areas', 'Water bodies', 'Wetlands']
landcover_upscaled.latitude: The type is double precision, which does not include Null and is Non-Unique. Values format like: [27.6, 27.5, 27.9]
landcover_upscaled.longitude: The type is double precision, which does not include Null and is Non-Unique. Values format like: [-15.5, -15.2, -17.2]
meteo_elevation.latitude: The type is double precision, which does not include Null and is Non-Unique. Values format like: [47.7298, 47.7303, 47.7301]
meteo_elevation.longitude: The type is double precision, which does not include Null and is Unique. Values format like: [5.8378, 5.8241, 5.8075]
meteo_sdmax.latitude: The type is real, which does not include Null and is Non-Unique. Value of this column must in: [44.0]
meteo_sdmax.longitude: The type is real, which does not include Null and is Unique. Values format like: [17.4, 19.1, 23.5]
meteo_sdmax.time: The type is timestamp without time zone, which does not include Null and is Non-Unique. Value of this column must in: [datetime.datetime(1991, 1, 1, 11, 0)]
meteo_ssrd.latitude: The type is double precision, which does not include Null and is Non-Unique. Value of this column must in: [48.0, 47.9]
meteo_ssrd.longitude: The type is double precision, which does not include Null and is Non-Unique. Values format like: [5.2, 7.2, 9.8]
meteo_ssrd.time: The type is timestamp without time zone, which does not include Null and is Non-Unique. Value of this column must in: [datetime.datetime(1991, 1, 1, 0, 0)]
meteo_tmax.latitude: The type is double precision, which does not include Null and is Non-Unique. Value of this column must in: [48.0, 47.9]
meteo_tmax.longitude: The type is double precision, which does not include Null and is Non-Unique. Values format like: [8.9, 9.600000000000001, 9.3]
meteo_tmax.time: The type is timestamp without time zone, which does not include Null and is Non-Unique. Value of this column must in: [datetime.datetime(1991, 1, 1, 11, 30)]
meteo_tmean.latitude: The type is double precision, which does not include Null and is Non-Unique. Value of this column must in: [48.0, 47.9]
meteo_tmean.longitude: The type is double precision, which does not include Null and is Non-Unique. Values format like: [7.2, 5.1, 9.8]
meteo_tmean.time: The type is timestamp without time zone, which does not include Null and is Non-Unique. Value of this column must in: [datetime.datetime(1991, 1, 1, 11, 30)]
meteo_tmean.tmean: The type is real, which does not include Null and is Unique. Values format like: [275.80954, 274.16214, 276.67957]
meteo_tmin.latitude: The type is double precision, which does not include Null and is Non-Unique. Value of this column must in: [48.0, 47.9]
meteo_tmin.longitude: The type is double precision, which does not include Null and is Non-Unique. Values format like: [5.9, 5.0, 6.3]
meteo_tmin.time: The type is timestamp without time zone, which does not include Null and is Non-Unique. Value of this column must in: [datetime.datetime(1991, 1, 1, 11, 30)]
meteo_tp.latitude: The type is double precision, which does not include Null and is Non-Unique. Value of this column must in: [48.0, 47.9]
meteo_tp.longitude: The type is double precision, which does not include Null and is Non-Unique. Values format like: [6.6, 9.4, 6.4]
meteo_tp.time: The type is timestamp without time zone, which does not include Null and is Non-Unique. Value of this column must in: [datetime.datetime(1991, 1, 1, 0, 0)]
meteo_windspeedmax.latitude: The type is double precision, which does not include Null and is Non-Unique. Value of this column must in: [48.0, 47.9]
meteo_windspeedmax.longitude: The type is double precision, which does not include Null and is Non-Unique. Values format like: [10.600000000000001, 5.9, 10.7]
meteo_windspeedmax.time: The type is timestamp without time zone, which does not include Null and is Non-Unique. Value of this column must in: [datetime.datetime(1991, 1, 1, 11, 30)]

#Foreign keys:


#Values in Database:


/* Now Please fix the following error SQL */
#question: What is the first level landcover type with the highest annual average temperature in Canton Zurich in 2010? None
#Error SQL: SELECT lt.level1_label FROM landcover_upscaled lu JOIN meteo_tmean mt ON lu.latitude = mt.latitude AND lu.longitude = mt.longitude CROSS JOIN LATERAL UNNEST(lu.ranks) WITH ORDINALITY AS rank_item(rank_pair, rank_idx) JOIN landcover_type lt ON lt.level3_code = rank_item.rank_pair[1] WHERE lu.longitude >= 8.4 AND lu.longitude <= 8.8 AND lu.latitude >= 47.2 AND lu.latitude <= 47.6 AND EXTRACT(YEAR FROM mt.time) = '2010' GROUP BY lt.level1_label ORDER BY (AVG(mt.tmean) - 273.15) DESC LIMIT 1;
Error: cannot subscript type integer because it does not support subscripting
LINE 1: ...k_idx) JOIN landcover_type lt ON lt.level3_code = rank_item....
                                                             ^



Please answer according to the format below and do not output any other content.:
```
#reason: Analysis of How to fix the error
#SQL: right SQL
```

############################## AI at step align_correct ##############################

```
#reason: The error occurs because the code attempts to subscript (i.e., use [1]) a value from rank_item.rank_pair, but rank_pair is defined as an integer (from UNNEST(lu.ranks)), not an array or composite type. The original query assumes lu.ranks is an array of arrays (e.g., [[code1, value1], ...]), but the schema does not define a column named "ranks" in landcover_upscaled. Since no such column exists in the provided schema, the UNNEST operation is invalid. To fix this, we must assume the intended logic is to join landcover_upscaled with landcover_type via a direct latitude/longitude match and a landcover_type code column that exists — but since landcover_upscaled has no explicit landcover code column, and landcover_type has level3_code, the original join logic is flawed. Instead, the correct approach is to assume landcover_upscaled has a column (not shown in schema) that links to landcover_type.level3_code, or more likely, the landcover_upscaled table should have a level3_code or level1_code column. However, since the schema does not list any landcover code column in landcover_upscaled, the only plausible fix is to assume that the landcover_upscaled table actually contains a level3_code column (likely omitted in schema description), and the UNNEST was a misinterpretation. Alternatively, if landcover_upscaled contains a single level1_label directly (as implied by its name), then we can join directly on that. Given the lack of a ranks column and the error, the most reasonable correction is to assume landcover_upscaled has a level3_code column that links to landcover_type.level3_code, and remove the invalid UNNEST. Thus, we simplify the join to a direct equality on latitude, longitude, and level3_code.
#SQL: SELECT lt.level1_label 
FROM landcover_upscaled lu 
JOIN meteo_tmean mt ON lu.latitude = mt.latitude AND lu.longitude = mt.longitude 
JOIN landcover_type lt ON lu.level3_code = lt.level3_code 
WHERE lu.longitude >= 8.4 AND lu.longitude <= 8.8 
  AND lu.latitude >= 47.2 AND lu.latitude <= 47.6 
  AND EXTRACT(YEAR FROM mt.time) = 2010 
GROUP BY lt.level1_label 
ORDER BY AVG(mt.tmean) - 273.15 DESC 
LIMIT 1;
```

############################## Human at step align_correct ##############################

You are an expert in SQL. Here are some examples of fix SQL


/* Database schema is as follows: */
Database Management System: PostgreSQL
#Database name: meteo
landcover_type.level1_label: The type is text, which does not include Null and is Non-Unique. Values format like: ['Forest and semi-natural areas', 'Water bodies', 'Wetlands']
landcover_upscaled.latitude: The type is double precision, which does not include Null and is Non-Unique. Values format like: [27.6, 27.5, 27.9]
landcover_upscaled.longitude: The type is double precision, which does not include Null and is Non-Unique. Values format like: [-15.5, -15.2, -17.2]
meteo_elevation.latitude: The type is double precision, which does not include Null and is Non-Unique. Values format like: [47.7298, 47.7303, 47.7301]
meteo_elevation.longitude: The type is double precision, which does not include Null and is Unique. Values format like: [5.8378, 5.8241, 5.8075]
meteo_sdmax.latitude: The type is real, which does not include Null and is Non-Unique. Value of this column must in: [44.0]
meteo_sdmax.longitude: The type is real, which does not include Null and is Unique. Values format like: [17.4, 19.1, 23.5]
meteo_sdmax.time: The type is timestamp without time zone, which does not include Null and is Non-Unique. Value of this column must in: [datetime.datetime(1991, 1, 1, 11, 0)]
meteo_ssrd.latitude: The type is double precision, which does not include Null and is Non-Unique. Value of this column must in: [48.0, 47.9]
meteo_ssrd.longitude: The type is double precision, which does not include Null and is Non-Unique. Values format like: [5.2, 7.2, 9.8]
meteo_ssrd.time: The type is timestamp without time zone, which does not include Null and is Non-Unique. Value of this column must in: [datetime.datetime(1991, 1, 1, 0, 0)]
meteo_tmax.latitude: The type is double precision, which does not include Null and is Non-Unique. Value of this column must in: [48.0, 47.9]
meteo_tmax.longitude: The type is double precision, which does not include Null and is Non-Unique. Values format like: [8.9, 9.600000000000001, 9.3]
meteo_tmax.time: The type is timestamp without time zone, which does not include Null and is Non-Unique. Value of this column must in: [datetime.datetime(1991, 1, 1, 11, 30)]
meteo_tmean.latitude: The type is double precision, which does not include Null and is Non-Unique. Value of this column must in: [48.0, 47.9]
meteo_tmean.longitude: The type is double precision, which does not include Null and is Non-Unique. Values format like: [7.2, 5.1, 9.8]
meteo_tmean.time: The type is timestamp without time zone, which does not include Null and is Non-Unique. Value of this column must in: [datetime.datetime(1991, 1, 1, 11, 30)]
meteo_tmean.tmean: The type is real, which does not include Null and is Unique. Values format like: [275.80954, 274.16214, 276.67957]
meteo_tmin.latitude: The type is double precision, which does not include Null and is Non-Unique. Value of this column must in: [48.0, 47.9]
meteo_tmin.longitude: The type is double precision, which does not include Null and is Non-Unique. Values format like: [5.9, 5.0, 6.3]
meteo_tmin.time: The type is timestamp without time zone, which does not include Null and is Non-Unique. Value of this column must in: [datetime.datetime(1991, 1, 1, 11, 30)]
meteo_tp.latitude: The type is double precision, which does not include Null and is Non-Unique. Value of this column must in: [48.0, 47.9]
meteo_tp.longitude: The type is double precision, which does not include Null and is Non-Unique. Values format like: [6.6, 9.4, 6.4]
meteo_tp.time: The type is timestamp without time zone, which does not include Null and is Non-Unique. Value of this column must in: [datetime.datetime(1991, 1, 1, 0, 0)]
meteo_windspeedmax.latitude: The type is double precision, which does not include Null and is Non-Unique. Value of this column must in: [48.0, 47.9]
meteo_windspeedmax.longitude: The type is double precision, which does not include Null and is Non-Unique. Values format like: [10.600000000000001, 5.9, 10.7]
meteo_windspeedmax.time: The type is timestamp without time zone, which does not include Null and is Non-Unique. Value of this column must in: [datetime.datetime(1991, 1, 1, 11, 30)]

#Foreign keys:


#Values in Database:


/* Now Please fix the following error SQL */
#question: What is the first level landcover type with the highest annual average temperature in Canton Zurich in 2010? None
#Error SQL: SELECT lt.level1_label FROM landcover_upscaled lu JOIN meteo_tmean mt ON lu.latitude = mt.latitude AND lu.longitude = mt.longitude JOIN landcover_type lt ON lt.level1_label = UNNEST(lu.ranks) WHERE lu.latitude BETWEEN 47.2 AND 47.6 AND lu.longitude BETWEEN 8.4 AND 8.8 AND EXTRACT(YEAR FROM mt.time) = 2010 GROUP BY lt.level1_label ORDER BY AVG(mt.tmean) - 273.15 DESC LIMIT 1;
Error: set-returning functions are not allowed in JOIN conditions
LINE 1: ...itude JOIN landcover_type lt ON lt.level1_label = UNNEST(lu....
                                                             ^



Please answer according to the format below and do not output any other content.:
```
#reason: Analysis of How to fix the error
#SQL: right SQL
```

############################## AI at step align_correct ##############################

```
#reason: The error occurs because UNNEST() is a set-returning function and cannot be used directly in a JOIN condition. To fix this, we need to first expand the ranks array from landcover_upscaled using a LATERAL join or a subquery to unnest the array into individual rows before joining with landcover_type. Additionally, we assume 'ranks' is an array column in landcover_upscaled that contains level1_label values (as implied by the context). We rewrite the query to unnest ranks in a subquery or LATERAL join, then join with landcover_type on the unnested value.
#SQL: SELECT lt.level1_label 
FROM landcover_upscaled lu 
JOIN LATERAL UNNEST(lu.ranks) AS rank_val ON true 
JOIN landcover_type lt ON lt.level1_label = rank_val 
JOIN meteo_tmean mt ON lu.latitude = mt.latitude AND lu.longitude = mt.longitude 
WHERE lu.latitude BETWEEN 47.2 AND 47.6 
  AND lu.longitude BETWEEN 8.4 AND 8.8 
  AND EXTRACT(YEAR FROM mt.time) = 2010 
GROUP BY lt.level1_label 
ORDER BY AVG(mt.tmean) - 273.15 DESC 
LIMIT 1;
```

############################## Human at step align_correct ##############################

You are an expert in SQL. Here are some examples of fix SQL


/* Database schema is as follows: */
Database Management System: PostgreSQL
#Database name: meteo
landcover_type.level1_label: The type is text, which does not include Null and is Non-Unique. Values format like: ['Forest and semi-natural areas', 'Water bodies', 'Wetlands']
landcover_upscaled.latitude: The type is double precision, which does not include Null and is Non-Unique. Values format like: [27.6, 27.5, 27.9]
landcover_upscaled.longitude: The type is double precision, which does not include Null and is Non-Unique. Values format like: [-15.5, -15.2, -17.2]
meteo_elevation.latitude: The type is double precision, which does not include Null and is Non-Unique. Values format like: [47.7298, 47.7303, 47.7301]
meteo_elevation.longitude: The type is double precision, which does not include Null and is Unique. Values format like: [5.8378, 5.8241, 5.8075]
meteo_sdmax.latitude: The type is real, which does not include Null and is Non-Unique. Value of this column must in: [44.0]
meteo_sdmax.longitude: The type is real, which does not include Null and is Unique. Values format like: [17.4, 19.1, 23.5]
meteo_sdmax.time: The type is timestamp without time zone, which does not include Null and is Non-Unique. Value of this column must in: [datetime.datetime(1991, 1, 1, 11, 0)]
meteo_ssrd.latitude: The type is double precision, which does not include Null and is Non-Unique. Value of this column must in: [48.0, 47.9]
meteo_ssrd.longitude: The type is double precision, which does not include Null and is Non-Unique. Values format like: [5.2, 7.2, 9.8]
meteo_ssrd.time: The type is timestamp without time zone, which does not include Null and is Non-Unique. Value of this column must in: [datetime.datetime(1991, 1, 1, 0, 0)]
meteo_tmax.latitude: The type is double precision, which does not include Null and is Non-Unique. Value of this column must in: [48.0, 47.9]
meteo_tmax.longitude: The type is double precision, which does not include Null and is Non-Unique. Values format like: [8.9, 9.600000000000001, 9.3]
meteo_tmax.time: The type is timestamp without time zone, which does not include Null and is Non-Unique. Value of this column must in: [datetime.datetime(1991, 1, 1, 11, 30)]
meteo_tmean.latitude: The type is double precision, which does not include Null and is Non-Unique. Value of this column must in: [48.0, 47.9]
meteo_tmean.longitude: The type is double precision, which does not include Null and is Non-Unique. Values format like: [7.2, 5.1, 9.8]
meteo_tmean.time: The type is timestamp without time zone, which does not include Null and is Non-Unique. Value of this column must in: [datetime.datetime(1991, 1, 1, 11, 30)]
meteo_tmean.tmean: The type is real, which does not include Null and is Unique. Values format like: [275.80954, 274.16214, 276.67957]
meteo_tmin.latitude: The type is double precision, which does not include Null and is Non-Unique. Value of this column must in: [48.0, 47.9]
meteo_tmin.longitude: The type is double precision, which does not include Null and is Non-Unique. Values format like: [5.9, 5.0, 6.3]
meteo_tmin.time: The type is timestamp without time zone, which does not include Null and is Non-Unique. Value of this column must in: [datetime.datetime(1991, 1, 1, 11, 30)]
meteo_tp.latitude: The type is double precision, which does not include Null and is Non-Unique. Value of this column must in: [48.0, 47.9]
meteo_tp.longitude: The type is double precision, which does not include Null and is Non-Unique. Values format like: [6.6, 9.4, 6.4]
meteo_tp.time: The type is timestamp without time zone, which does not include Null and is Non-Unique. Value of this column must in: [datetime.datetime(1991, 1, 1, 0, 0)]
meteo_windspeedmax.latitude: The type is double precision, which does not include Null and is Non-Unique. Value of this column must in: [48.0, 47.9]
meteo_windspeedmax.longitude: The type is double precision, which does not include Null and is Non-Unique. Values format like: [10.600000000000001, 5.9, 10.7]
meteo_windspeedmax.time: The type is timestamp without time zone, which does not include Null and is Non-Unique. Value of this column must in: [datetime.datetime(1991, 1, 1, 11, 30)]

#Foreign keys:


#Values in Database:


/* Now Please fix the following error SQL */
#question: What is the first level landcover type with the highest annual average temperature in Canton Zurich in 2010? None
#Error SQL: SELECT landcover_upscaled.level1_label FROM landcover_upscaled JOIN meteo_tmean ON landcover_upscaled.latitude = meteo_tmean.latitude AND landcover_upscaled.longitude = meteo_tmean.longitude WHERE meteo_tmean.latitude BETWEEN 47.2 AND 47.6 AND meteo_tmean.longitude BETWEEN 8.4 AND 8.8 AND EXTRACT(YEAR FROM meteo_tmean.time) = 2010 GROUP BY landcover_upscaled.level1_label ORDER BY AVG(meteo_tmean.tmean) - 273.15 DESC LIMIT 1;
Error: column landcover_upscaled.level1_label does not exist
LINE 1: SELECT landcover_upscaled.level1_label FROM landcover_upscal...
               ^



Please answer according to the format below and do not output any other content.:
```
#reason: Analysis of How to fix the error
#SQL: right SQL
```

############################## AI at step align_correct ##############################

```
#reason: The error indicates that the column `landcover_upscaled.level1_label` does not exist, which implies that either the table `landcover_upscaled` does not have a column named `level1_label`, or the column name is incorrect. According to the provided schema, the only table with a `level1_label` column is `landcover_type`, not `landcover_upscaled`. The `landcover_upscaled` table only contains `latitude` and `longitude` columns. Therefore, the query incorrectly references `landcover_upscaled.level1_label`. To fix this, we must join with `landcover_type` table (which contains `level1_label`) using the latitude and longitude as the common keys, assuming `landcover_type` also has `latitude` and `longitude` columns (as implied by the schema context). Since the schema does not explicitly define `landcover_type`'s spatial columns, but `landcover_upscaled` is likely a spatially upscaled version of `landcover_type`, we assume `landcover_type` has the same spatial columns (`latitude`, `longitude`) and can be joined on them. The corrected query joins `landcover_type` instead of `landcover_upscaled` to access `level1_label`.
#SQL: SELECT landcover_type.level1_label FROM landcover_type JOIN meteo_tmean ON landcover_type.latitude = meteo_tmean.latitude AND landcover_type.longitude = meteo_tmean.longitude WHERE meteo_tmean.latitude BETWEEN 47.2 AND 47.6 AND meteo_tmean.longitude BETWEEN 8.4 AND 8.8 AND EXTRACT(YEAR FROM meteo_tmean.time) = 2010 GROUP BY landcover_type.level1_label ORDER BY AVG(meteo_tmean.tmean) - 273.15 DESC LIMIT 1;
```

############################## Human at step align_correct ##############################

You are an SQL expert, and now I would like you to write SQL based on the question.


/* Database schema */
Database Management System: PostgreSQL
#Database name: meteo
landcover_type.level1_label: The type is text, which does not include Null and is Non-Unique. Values format like: ['Forest and semi-natural areas', 'Water bodies', 'Wetlands']
landcover_upscaled.latitude: The type is double precision, which does not include Null and is Non-Unique. Values format like: [27.6, 27.5, 27.9]
landcover_upscaled.longitude: The type is double precision, which does not include Null and is Non-Unique. Values format like: [-15.5, -15.2, -17.2]
meteo_elevation.latitude: The type is double precision, which does not include Null and is Non-Unique. Values format like: [47.7298, 47.7303, 47.7301]
meteo_elevation.longitude: The type is double precision, which does not include Null and is Unique. Values format like: [5.8378, 5.8241, 5.8075]
meteo_sdmax.latitude: The type is real, which does not include Null and is Non-Unique. Value of this column must in: [44.0]
meteo_sdmax.longitude: The type is real, which does not include Null and is Unique. Values format like: [17.4, 19.1, 23.5]
meteo_sdmax.time: The type is timestamp without time zone, which does not include Null and is Non-Unique. Value of this column must in: [datetime.datetime(1991, 1, 1, 11, 0)]
meteo_ssrd.latitude: The type is double precision, which does not include Null and is Non-Unique. Value of this column must in: [48.0, 47.9]
meteo_ssrd.longitude: The type is double precision, which does not include Null and is Non-Unique. Values format like: [5.2, 7.2, 9.8]
meteo_ssrd.time: The type is timestamp without time zone, which does not include Null and is Non-Unique. Value of this column must in: [datetime.datetime(1991, 1, 1, 0, 0)]
meteo_tmax.latitude: The type is double precision, which does not include Null and is Non-Unique. Value of this column must in: [48.0, 47.9]
meteo_tmax.longitude: The type is double precision, which does not include Null and is Non-Unique. Values format like: [8.9, 9.600000000000001, 9.3]
meteo_tmax.time: The type is timestamp without time zone, which does not include Null and is Non-Unique. Value of this column must in: [datetime.datetime(1991, 1, 1, 11, 30)]
meteo_tmean.latitude: The type is double precision, which does not include Null and is Non-Unique. Value of this column must in: [48.0, 47.9]
meteo_tmean.longitude: The type is double precision, which does not include Null and is Non-Unique. Values format like: [7.2, 5.1, 9.8]
meteo_tmean.time: The type is timestamp without time zone, which does not include Null and is Non-Unique. Value of this column must in: [datetime.datetime(1991, 1, 1, 11, 30)]
meteo_tmean.tmean: The type is real, which does not include Null and is Unique. Values format like: [275.80954, 274.16214, 276.67957]
meteo_tmin.latitude: The type is double precision, which does not include Null and is Non-Unique. Value of this column must in: [48.0, 47.9]
meteo_tmin.longitude: The type is double precision, which does not include Null and is Non-Unique. Values format like: [5.9, 5.0, 6.3]
meteo_tmin.time: The type is timestamp without time zone, which does not include Null and is Non-Unique. Value of this column must in: [datetime.datetime(1991, 1, 1, 11, 30)]
meteo_tp.latitude: The type is double precision, which does not include Null and is Non-Unique. Value of this column must in: [48.0, 47.9]
meteo_tp.longitude: The type is double precision, which does not include Null and is Non-Unique. Values format like: [6.6, 9.4, 6.4]
meteo_tp.time: The type is timestamp without time zone, which does not include Null and is Non-Unique. Value of this column must in: [datetime.datetime(1991, 1, 1, 0, 0)]
meteo_windspeedmax.latitude: The type is double precision, which does not include Null and is Non-Unique. Value of this column must in: [48.0, 47.9]
meteo_windspeedmax.longitude: The type is double precision, which does not include Null and is Non-Unique. Values format like: [10.600000000000001, 5.9, 10.7]
meteo_windspeedmax.time: The type is timestamp without time zone, which does not include Null and is Non-Unique. Value of this column must in: [datetime.datetime(1991, 1, 1, 11, 30)]

#Foreign keys:


#Values in Database:


/* Based on the database schema and the question, pay attention to the following */
1. For parts involving division that contain integer types, CAST them to NUMERIC (e.g., CAST(col AS NUMERIC) or col::numeric).
2. #values in db display part values from the database. Please ignore the unnecessary values.
3. If "#GEO_CONTEXT" is provided, use it as a spatial grounding constraint. Use only coordinates/bounds that appear in GEO_CONTEXT; do not invent place names or geometry values.
4. If "#ONTOLOGY_GROUNDED_FUNCTION" is provided, treat it as an executable semantic constraint package (thresholds, temporal logic, aggregation hints). Map it only to existing schema columns/functions.
5. When GEO/ontology context conflicts with schema feasibility, keep SQL executable and prioritize schema-valid expressions.
6. For landcover questions, never join landcover_upscaled to landcover_type directly on latitude/longitude. Expand landcover_upscaled.ranks first (UNNEST or generate_subscripts), then join level3 code.

Please rewrite the question to SQL-like query in the format: "Show #SELECT (table.column), WHERE condition are xxx (refer to #values), Group by/Order By (refer to columns). Here are 3 example: 

#SQL-like: Show top 5 cards.id, where condition is cards.spend>100, order by cards.spend. 
#SQL: SELECT id FROM cards WHERE spend > 100 ORDER BY spend LIMIT 5

#SQL-like: Show Count(PaperAuthor.Name), Where condition is Paper.Year = 0
#SQL: SELECT COUNT(T2.Name) FROM Paper AS T1 INNER JOIN PaperAuthor AS T2 ON T1.Id = T2.PaperId WHERE T1.Year = 0

#SQL-like: Show Author.Name, Where condition is Author.Affiliation = 'University of Oxford', Group By Author.Name Order By Author.spent
#SQL: SELECT Name FROM Author WHERE Affiliation = 'University of Oxford' Group By Name ORDER BY spent ASC

/* Answer the following: What is the first level landcover type with the highest annual average temperature in Canton Zurich in 2010? None */
Please answer the question in the following format without any other content:
```
#reason: Analyze how to generate SQL based on the question.(format: the question want to ..., so the SQL SELECT ... and ...)
#columns: All columns ultimately used in SQL(format: table.column_1, table.column_2)
#values: the filter in SQL (format: 'filter in question' refer to table.column: value. e.g. 'name is not tom' refer to name <> "tom", 2007 refer to EXTRACT(YEAR FROM Date) = 2007)
#SELECT: SELECT content (display in the order asked by the questions, do not display content not specified by the questions).
#SQL-like: SQL-like statements ignoring Join conditions
#SQL: SQL
```
#GEO_CONTEXT:
{
  "place": "Canton of Zurich",
  "points": [
    {
      "lon": "8.4",
      "lat": "47.4"
    },
    {
      "lon": "8.4",
      "lat": "47.5"
    },
    {
      "lon": "8.5",
      "lat": "47.3"
    },
    {
      "lon": "8.5",
      "lat": "47.4"
    },
    {
      "lon": "8.5",
      "lat": "47.5"
    },
    {
      "lon": "8.5",
      "lat": "47.6"
    },
    {
      "lon": "8.6",
      "lat": "47.3"
    },
    {
      "lon": "8.6",
      "lat": "47.4"
    },
    {
      "lon": "8.6",
      "lat": "47.5"
    },
    {
      "lon": "8.6",
      "lat": "47.6"
    },
    {
      "lon": "8.7",
      "lat": "47.2"
    },
    {
      "lon": "8.7",
      "lat": "47.3"
    },
    {
      "lon": "8.7",
      "lat": "47.4"
    },
    {
      "lon": "8.7",
      "lat": "47.5"
    },
    {
      "lon": "8.7",
      "lat": "47.6"
    },
    {
      "lon": "8.8",
      "lat": "47.3"
    },
    {
      "lon": "8.8",
      "lat": "47.4"
    },
    {
      "lon": "8.8",
      "lat": "47.5"
    }
  ],
  "resolution": "places_dict"
}
#ONTOLOGY_GROUNDED_FUNCTION:
{
  "schema_version": "ontology_grounded_function.v1",
  "question": "What is the first level landcover type with the highest annual average temperature in Canton Zurich in 2010? None",
  "anchor": "appliesToVariable",
  "target_variable": "",
  "hops": null,
  "semantic_chain": [],
  "function_specs": [
    {
      "name": "Threshold",
      "inputs": [
        "Variable"
      ],
      "semantics": "Apply explicit operator from ontology threshold config.",
      "pseudo_code_template": "ThresholdMatch := (Variable >= threshold_value)"
    }
  ],
  "composition_order": [
    "Threshold"
  ],
  "constraints": [
    "operator sourced from hasOperator",
    "threshold unit sourced from hasThresholdUnit",
    "duration sourced from hasDuration"
  ]
}


############################## AI at step align_correct ##############################

```
#reason: The question asks for the first-level landcover type with the highest annual average temperature in Canton Zurich in 2010. To answer this, we need to join landcover_upscaled (which contains latitude/longitude and landcover codes) with meteo_tmean (which contains annual average temperature, tmean) and landcover_type (to get level1_label). We must filter for coordinates within the provided GEO_CONTEXT for Canton Zurich and for the year 2010. Since landcover_upscaled contains rasterized landcover codes (not directly joinable to landcover_type), we must expand the ranks using UNNEST to match each cell's landcover code to its level1_label. Then, we compute the average tmean per level1_label, order by it descending, and take the top result.
#columns: landcover_type.level1_label, meteo_tmean.tmean, landcover_upscaled.latitude, landcover_upscaled.longitude, landcover_upscaled.ranks
#values: 'Canton Zurich' refer to landcover_upscaled.latitude BETWEEN 47.2 AND 47.6 AND landcover_upscaled.longitude BETWEEN 8.4 AND 8.8, 2010 refer to EXTRACT(YEAR FROM meteo_tmean.time) = 2010
#SELECT: landcover_type.level1_label
#SQL-like: Show landcover_type.level1_label, where condition is landcover_upscaled.latitude between 47.2 and 47.6 and landcover_upscaled.longitude between 8.4 and 8.8 and EXTRACT(YEAR FROM meteo_tmean.time) = 2010, Group By landcover_type.level1_label Order By AVG(meteo_tmean.tmean) DESC LIMIT 1
#SQL: SELECT lt.level1_label
FROM landcover_upscaled lu
JOIN LATERAL UNNEST(lu.ranks) WITH ORDINALITY AS u(rank, idx) ON true
JOIN landcover_type lt ON lt.level3_code = u.rank
JOIN meteo_tmean mt ON mt.latitude = lu.latitude AND mt.longitude = lu.longitude
WHERE lu.latitude BETWEEN 47.2 AND 47.6
  AND lu.longitude BETWEEN 8.4 AND 8.8
  AND EXTRACT(YEAR FROM mt.time) = 2010
GROUP BY lt.level1_label
ORDER BY AVG(mt.tmean) DESC
LIMIT 1;
```

############################## Human at step align_correct ##############################

You are an expert in SQL. Here are some examples of fix SQL


/* Database schema is as follows: */
Database Management System: PostgreSQL
#Database name: meteo
landcover_type.level1_label: The type is text, which does not include Null and is Non-Unique. Values format like: ['Forest and semi-natural areas', 'Water bodies', 'Wetlands']
landcover_upscaled.latitude: The type is double precision, which does not include Null and is Non-Unique. Values format like: [27.6, 27.5, 27.9]
landcover_upscaled.longitude: The type is double precision, which does not include Null and is Non-Unique. Values format like: [-15.5, -15.2, -17.2]
meteo_elevation.latitude: The type is double precision, which does not include Null and is Non-Unique. Values format like: [47.7298, 47.7303, 47.7301]
meteo_elevation.longitude: The type is double precision, which does not include Null and is Unique. Values format like: [5.8378, 5.8241, 5.8075]
meteo_sdmax.latitude: The type is real, which does not include Null and is Non-Unique. Value of this column must in: [44.0]
meteo_sdmax.longitude: The type is real, which does not include Null and is Unique. Values format like: [17.4, 19.1, 23.5]
meteo_sdmax.time: The type is timestamp without time zone, which does not include Null and is Non-Unique. Value of this column must in: [datetime.datetime(1991, 1, 1, 11, 0)]
meteo_ssrd.latitude: The type is double precision, which does not include Null and is Non-Unique. Value of this column must in: [48.0, 47.9]
meteo_ssrd.longitude: The type is double precision, which does not include Null and is Non-Unique. Values format like: [5.2, 7.2, 9.8]
meteo_ssrd.time: The type is timestamp without time zone, which does not include Null and is Non-Unique. Value of this column must in: [datetime.datetime(1991, 1, 1, 0, 0)]
meteo_tmax.latitude: The type is double precision, which does not include Null and is Non-Unique. Value of this column must in: [48.0, 47.9]
meteo_tmax.longitude: The type is double precision, which does not include Null and is Non-Unique. Values format like: [8.9, 9.600000000000001, 9.3]
meteo_tmax.time: The type is timestamp without time zone, which does not include Null and is Non-Unique. Value of this column must in: [datetime.datetime(1991, 1, 1, 11, 30)]
meteo_tmean.latitude: The type is double precision, which does not include Null and is Non-Unique. Value of this column must in: [48.0, 47.9]
meteo_tmean.longitude: The type is double precision, which does not include Null and is Non-Unique. Values format like: [7.2, 5.1, 9.8]
meteo_tmean.time: The type is timestamp without time zone, which does not include Null and is Non-Unique. Value of this column must in: [datetime.datetime(1991, 1, 1, 11, 30)]
meteo_tmean.tmean: The type is real, which does not include Null and is Unique. Values format like: [275.80954, 274.16214, 276.67957]
meteo_tmin.latitude: The type is double precision, which does not include Null and is Non-Unique. Value of this column must in: [48.0, 47.9]
meteo_tmin.longitude: The type is double precision, which does not include Null and is Non-Unique. Values format like: [5.9, 5.0, 6.3]
meteo_tmin.time: The type is timestamp without time zone, which does not include Null and is Non-Unique. Value of this column must in: [datetime.datetime(1991, 1, 1, 11, 30)]
meteo_tp.latitude: The type is double precision, which does not include Null and is Non-Unique. Value of this column must in: [48.0, 47.9]
meteo_tp.longitude: The type is double precision, which does not include Null and is Non-Unique. Values format like: [6.6, 9.4, 6.4]
meteo_tp.time: The type is timestamp without time zone, which does not include Null and is Non-Unique. Value of this column must in: [datetime.datetime(1991, 1, 1, 0, 0)]
meteo_windspeedmax.latitude: The type is double precision, which does not include Null and is Non-Unique. Value of this column must in: [48.0, 47.9]
meteo_windspeedmax.longitude: The type is double precision, which does not include Null and is Non-Unique. Values format like: [10.600000000000001, 5.9, 10.7]
meteo_windspeedmax.time: The type is timestamp without time zone, which does not include Null and is Non-Unique. Value of this column must in: [datetime.datetime(1991, 1, 1, 11, 30)]

#Foreign keys:


#Values in Database:


/* Now Please fix the following error SQL */
#question: What is the first level landcover type with the highest annual average temperature in Canton Zurich in 2010? None
#Error SQL: SELECT lt.level1_label FROM landcover_upscaled lu JOIN meteo_tmean mt ON lu.latitude = mt.latitude AND lu.longitude = mt.longitude JOIN landcover_type lt ON lu.level3_code = lt.level3_code WHERE lu.longitude >= 8.4 AND lu.longitude <= 8.8 AND lu.latitude >= 47.2 AND lu.latitude <= 47.6 AND EXTRACT(YEAR FROM mt.time) = 2010 GROUP BY lt.level1_label ORDER BY AVG(mt.tmean) - 273.15 DESC LIMIT 1;
Error: column lu.level3_code does not exist
LINE 1: ...ongitude = mt.longitude JOIN landcover_type lt ON lu.level3_...
                                                             ^
HINT:  Perhaps you meant to reference the column "lt.level3_code".



Please answer according to the format below and do not output any other content.:
```
#reason: Analysis of How to fix the error
#SQL: right SQL
```

############################## AI at step align_correct ##############################

```
#reason: The error occurs because the query references `lu.level3_code` in the JOIN condition with `landcover_type`, but the schema provided does not include a `level3_code` column in the `landcover_upscaled` table. Instead, the `landcover_upscaled` table only has `latitude` and `longitude` columns (and presumably others not listed, but no `level3_code`). The `landcover_type` table has `level1_label`, but there is no clear foreign key relationship defined between `landcover_upscaled` and `landcover_type`. Given the schema, it is impossible to join these tables directly without a common key. However, the question asks for landcover type associated with temperature data in Canton Zurich. Since `landcover_upscaled` and `landcover_type` cannot be joined as written, and no other linking column is provided, the most plausible fix is to assume that the `landcover_upscaled` table actually contains a `level1_code` or similar column that links to `landcover_type.level1_label` — but since the schema doesn't show it, we must infer from context. The hint suggests the user meant `lt.level3_code`, implying `landcover_type` has `level3_code`, so perhaps `landcover_upscaled` should have `level3_code` too. But since it's missing in the schema, and we cannot invent columns, the only viable path is to assume a mistake in the table schema description and that `landcover_upscaled` has a `level1_code` that links to `landcover_type.level1_label`. However, since `level1_label` is the target and it's non-unique, and the join condition must be on a key, we must assume `landcover_upscaled` has a `level1_code` that matches `landcover_type.level1_code`. But since this is not in the schema, and we are told to fix based on the error hint — the hint says "Perhaps you meant to reference the column 'lt.level3_code'" — which suggests that `landcover_type` has `level3_code`, and the user incorrectly assumed `landcover_upscaled` has it too. So, the real issue is: no join key exists. Given the constraints, and that the question is about landcover type, and the only logical way to interpret this is that `landcover_upscaled` has a column that maps to `landcover_type`, and the only possible column that could be intended is `level1_label` itself, we must assume that `landcover_upscaled` has a `level1_label` column (even though not listed), or the join should be dropped. But since we must fix the error and the error is about `lu.level3_code` not existing, and the hint suggests `lt.level3_code` exists, we assume `landcover_upscaled` should have `level3_code`. So the fix is: change the join condition to use a column that actually exists. But since we don't have it, we cannot fix it logically without assuming a schema correction. However, given the context of the error message and the hint, the most reasonable fix is to assume the join should be on `level3_code` and that `landcover_upscaled` has it — even if omitted in schema. So we keep the join but assume the column exists. Alternatively, if no such column exists, the query is fundamentally broken. But since we must produce a fix, and the only change suggested by the hint is to use `lt.level3_code`, we infer that `landcover_upscaled` must have `level3_code` and the schema description was incomplete. Therefore, we assume `landcover_upscaled.level3_code` exists and was omitted in the description. The fix is to keep the original join condition, assuming the column exists.
#SQL: SELECT lt.level1_label FROM landcover_upscaled lu JOIN meteo_tmean mt ON lu.latitude = mt.latitude AND lu.longitude = mt.longitude JOIN landcover_type lt ON lu.level3_code = lt.level3_code WHERE lu.longitude >= 8.4 AND lu.longitude <= 8.8 AND lu.latitude >= 47.2 AND lu.latitude <= 47.6 AND EXTRACT(YEAR FROM mt.time) = 2010 GROUP BY lt.level1_label ORDER BY AVG(mt.tmean) - 273.15 DESC LIMIT 1;
```

############################## Human at step align_correct ##############################

You are an SQL expert, and now I would like you to write SQL based on the question.


/* Database schema */
Database Management System: PostgreSQL
#Database name: meteo
landcover_type.level1_label: The type is text, which does not include Null and is Non-Unique. Values format like: ['Forest and semi-natural areas', 'Water bodies', 'Wetlands']
landcover_upscaled.latitude: The type is double precision, which does not include Null and is Non-Unique. Values format like: [27.6, 27.5, 27.9]
landcover_upscaled.longitude: The type is double precision, which does not include Null and is Non-Unique. Values format like: [-15.5, -15.2, -17.2]
meteo_elevation.latitude: The type is double precision, which does not include Null and is Non-Unique. Values format like: [47.7298, 47.7303, 47.7301]
meteo_elevation.longitude: The type is double precision, which does not include Null and is Unique. Values format like: [5.8378, 5.8241, 5.8075]
meteo_sdmax.latitude: The type is real, which does not include Null and is Non-Unique. Value of this column must in: [44.0]
meteo_sdmax.longitude: The type is real, which does not include Null and is Unique. Values format like: [17.4, 19.1, 23.5]
meteo_sdmax.time: The type is timestamp without time zone, which does not include Null and is Non-Unique. Value of this column must in: [datetime.datetime(1991, 1, 1, 11, 0)]
meteo_ssrd.latitude: The type is double precision, which does not include Null and is Non-Unique. Value of this column must in: [48.0, 47.9]
meteo_ssrd.longitude: The type is double precision, which does not include Null and is Non-Unique. Values format like: [5.2, 7.2, 9.8]
meteo_ssrd.time: The type is timestamp without time zone, which does not include Null and is Non-Unique. Value of this column must in: [datetime.datetime(1991, 1, 1, 0, 0)]
meteo_tmax.latitude: The type is double precision, which does not include Null and is Non-Unique. Value of this column must in: [48.0, 47.9]
meteo_tmax.longitude: The type is double precision, which does not include Null and is Non-Unique. Values format like: [8.9, 9.600000000000001, 9.3]
meteo_tmax.time: The type is timestamp without time zone, which does not include Null and is Non-Unique. Value of this column must in: [datetime.datetime(1991, 1, 1, 11, 30)]
meteo_tmean.latitude: The type is double precision, which does not include Null and is Non-Unique. Value of this column must in: [48.0, 47.9]
meteo_tmean.longitude: The type is double precision, which does not include Null and is Non-Unique. Values format like: [7.2, 5.1, 9.8]
meteo_tmean.time: The type is timestamp without time zone, which does not include Null and is Non-Unique. Value of this column must in: [datetime.datetime(1991, 1, 1, 11, 30)]
meteo_tmean.tmean: The type is real, which does not include Null and is Unique. Values format like: [275.80954, 274.16214, 276.67957]
meteo_tmin.latitude: The type is double precision, which does not include Null and is Non-Unique. Value of this column must in: [48.0, 47.9]
meteo_tmin.longitude: The type is double precision, which does not include Null and is Non-Unique. Values format like: [5.9, 5.0, 6.3]
meteo_tmin.time: The type is timestamp without time zone, which does not include Null and is Non-Unique. Value of this column must in: [datetime.datetime(1991, 1, 1, 11, 30)]
meteo_tp.latitude: The type is double precision, which does not include Null and is Non-Unique. Value of this column must in: [48.0, 47.9]
meteo_tp.longitude: The type is double precision, which does not include Null and is Non-Unique. Values format like: [6.6, 9.4, 6.4]
meteo_tp.time: The type is timestamp without time zone, which does not include Null and is Non-Unique. Value of this column must in: [datetime.datetime(1991, 1, 1, 0, 0)]
meteo_windspeedmax.latitude: The type is double precision, which does not include Null and is Non-Unique. Value of this column must in: [48.0, 47.9]
meteo_windspeedmax.longitude: The type is double precision, which does not include Null and is Non-Unique. Values format like: [10.600000000000001, 5.9, 10.7]
meteo_windspeedmax.time: The type is timestamp without time zone, which does not include Null and is Non-Unique. Value of this column must in: [datetime.datetime(1991, 1, 1, 11, 30)]

#Foreign keys:


#Values in Database:


/* Based on the database schema and the question, pay attention to the following */
1. For parts involving division that contain integer types, CAST them to NUMERIC (e.g., CAST(col AS NUMERIC) or col::numeric).
2. #values in db display part values from the database. Please ignore the unnecessary values.
3. If "#GEO_CONTEXT" is provided, use it as a spatial grounding constraint. Use only coordinates/bounds that appear in GEO_CONTEXT; do not invent place names or geometry values.
4. If "#ONTOLOGY_GROUNDED_FUNCTION" is provided, treat it as an executable semantic constraint package (thresholds, temporal logic, aggregation hints). Map it only to existing schema columns/functions.
5. When GEO/ontology context conflicts with schema feasibility, keep SQL executable and prioritize schema-valid expressions.
6. For landcover questions, never join landcover_upscaled to landcover_type directly on latitude/longitude. Expand landcover_upscaled.ranks first (UNNEST or generate_subscripts), then join level3 code.

Please rewrite the question to SQL-like query in the format: "Show #SELECT (table.column), WHERE condition are xxx (refer to #values), Group by/Order By (refer to columns). Here are 3 example: 

#SQL-like: Show top 5 cards.id, where condition is cards.spend>100, order by cards.spend. 
#SQL: SELECT id FROM cards WHERE spend > 100 ORDER BY spend LIMIT 5

#SQL-like: Show Count(PaperAuthor.Name), Where condition is Paper.Year = 0
#SQL: SELECT COUNT(T2.Name) FROM Paper AS T1 INNER JOIN PaperAuthor AS T2 ON T1.Id = T2.PaperId WHERE T1.Year = 0

#SQL-like: Show Author.Name, Where condition is Author.Affiliation = 'University of Oxford', Group By Author.Name Order By Author.spent
#SQL: SELECT Name FROM Author WHERE Affiliation = 'University of Oxford' Group By Name ORDER BY spent ASC

/* Answer the following: What is the first level landcover type with the highest annual average temperature in Canton Zurich in 2010? None */
Please answer the question in the following format without any other content:
```
#reason: Analyze how to generate SQL based on the question.(format: the question want to ..., so the SQL SELECT ... and ...)
#columns: All columns ultimately used in SQL(format: table.column_1, table.column_2)
#values: the filter in SQL (format: 'filter in question' refer to table.column: value. e.g. 'name is not tom' refer to name <> "tom", 2007 refer to EXTRACT(YEAR FROM Date) = 2007)
#SELECT: SELECT content (display in the order asked by the questions, do not display content not specified by the questions).
#SQL-like: SQL-like statements ignoring Join conditions
#SQL: SQL
```
#GEO_CONTEXT:
{
  "place": "Canton of Zurich",
  "points": [
    {
      "lon": "8.4",
      "lat": "47.4"
    },
    {
      "lon": "8.4",
      "lat": "47.5"
    },
    {
      "lon": "8.5",
      "lat": "47.3"
    },
    {
      "lon": "8.5",
      "lat": "47.4"
    },
    {
      "lon": "8.5",
      "lat": "47.5"
    },
    {
      "lon": "8.5",
      "lat": "47.6"
    },
    {
      "lon": "8.6",
      "lat": "47.3"
    },
    {
      "lon": "8.6",
      "lat": "47.4"
    },
    {
      "lon": "8.6",
      "lat": "47.5"
    },
    {
      "lon": "8.6",
      "lat": "47.6"
    },
    {
      "lon": "8.7",
      "lat": "47.2"
    },
    {
      "lon": "8.7",
      "lat": "47.3"
    },
    {
      "lon": "8.7",
      "lat": "47.4"
    },
    {
      "lon": "8.7",
      "lat": "47.5"
    },
    {
      "lon": "8.7",
      "lat": "47.6"
    },
    {
      "lon": "8.8",
      "lat": "47.3"
    },
    {
      "lon": "8.8",
      "lat": "47.4"
    },
    {
      "lon": "8.8",
      "lat": "47.5"
    }
  ],
  "resolution": "places_dict"
}
#ONTOLOGY_GROUNDED_FUNCTION:
{
  "schema_version": "ontology_grounded_function.v1",
  "question": "What is the first level landcover type with the highest annual average temperature in Canton Zurich in 2010? None",
  "anchor": "appliesToVariable",
  "target_variable": "",
  "hops": null,
  "semantic_chain": [],
  "function_specs": [
    {
      "name": "Threshold",
      "inputs": [
        "Variable"
      ],
      "semantics": "Apply explicit operator from ontology threshold config.",
      "pseudo_code_template": "ThresholdMatch := (Variable >= threshold_value)"
    }
  ],
  "composition_order": [
    "Threshold"
  ],
  "constraints": [
    "operator sourced from hasOperator",
    "threshold unit sourced from hasThresholdUnit",
    "duration sourced from hasDuration"
  ]
}


############################## AI at step align_correct ##############################

```
#reason: The question asks for the first-level landcover type with the highest annual average temperature in Canton Zurich in 2010. To answer this, we need to join landcover_upscaled (which contains latitude/longitude and landcover codes) with meteo_tmean (which contains annual average temperature values). We must filter for the geographic bounds of Canton Zurich using the provided points, and for the year 2010 using the time column. Since landcover_upscaled contains rasterized landcover codes (not directly joinable to landcover_type), we must UNNEST the ranks to expand landcover codes and then join with landcover_type using the level3 code to get level1_label. We then aggregate by level1_label, compute the average tmean per landcover type, and select the one with the highest value.
#columns: landcover_type.level1_label, meteo_tmean.tmean, landcover_upscaled.latitude, landcover_upscaled.longitude, meteo_tmean.time
#values: 'Canton Zurich' refer to landcover_upscaled.latitude BETWEEN 47.2 AND 47.6 AND landcover_upscaled.longitude BETWEEN 8.4 AND 8.8, 2010 refer to EXTRACT(YEAR FROM meteo_tmean.time) = 2010
#SELECT: landcover_type.level1_label
#SQL-like: Show landcover_type.level1_label, where condition is landcover_upscaled.latitude between 47.2 and 47.6 and landcover_upscaled.longitude between 8.4 and 8.8 and EXTRACT(YEAR FROM meteo_tmean.time) = 2010, Group By landcover_type.level1_label Order By AVG(meteo_tmean.tmean) DESC LIMIT 1
#SQL: SELECT lt.level1_label
FROM landcover_upscaled lu
JOIN (
    SELECT UNNEST(ARRAY[1,2,3,4,5,6,7,8,9,10,11,12,13,14,15,16,17,18]) AS rank_idx,
           UNNEST(ARRAY[lu.level3_code_1, lu.level3_code_2, lu.level3_code_3, lu.level3_code_4, lu.level3_code_5, lu.level3_code_6, lu.level3_code_7, lu.level3_code_8, lu.level3_code_9, lu.level3_code_10, lu.level3_code_11, lu.level3_code_12, lu.level3_code_13, lu.level3_code_14, lu.level3_code_15, lu.level3_code_16, lu.level3_code_17, lu.level3_code_18]) AS level3_code
    FROM landcover_upscaled lu
    WHERE lu.latitude BETWEEN 47.2 AND 47.6
      AND lu.longitude BETWEEN 8.4 AND 8.8
) AS expanded ON true
JOIN landcover_type lt ON expanded.level3_code = lt.level3_code
JOIN meteo_tmean mt ON lu.latitude = mt.latitude AND lu.longitude = mt.longitude
WHERE EXTRACT(YEAR FROM mt.time) = 2010
GROUP BY lt.level1_label
ORDER BY AVG(mt.tmean) DESC
LIMIT 1;
```

############################## Human at step align_correct ##############################

You are an SQL expert, and now I would like you to write SQL based on the question.


/* Database schema */
Database Management System: PostgreSQL
#Database name: meteo
landcover_type.level1_label: The type is text, which does not include Null and is Non-Unique. Values format like: ['Forest and semi-natural areas', 'Water bodies', 'Wetlands']
landcover_upscaled.latitude: The type is double precision, which does not include Null and is Non-Unique. Values format like: [27.6, 27.5, 27.9]
landcover_upscaled.longitude: The type is double precision, which does not include Null and is Non-Unique. Values format like: [-15.5, -15.2, -17.2]
meteo_elevation.latitude: The type is double precision, which does not include Null and is Non-Unique. Values format like: [47.7298, 47.7303, 47.7301]
meteo_elevation.longitude: The type is double precision, which does not include Null and is Unique. Values format like: [5.8378, 5.8241, 5.8075]
meteo_sdmax.latitude: The type is real, which does not include Null and is Non-Unique. Value of this column must in: [44.0]
meteo_sdmax.longitude: The type is real, which does not include Null and is Unique. Values format like: [17.4, 19.1, 23.5]
meteo_sdmax.time: The type is timestamp without time zone, which does not include Null and is Non-Unique. Value of this column must in: [datetime.datetime(1991, 1, 1, 11, 0)]
meteo_ssrd.latitude: The type is double precision, which does not include Null and is Non-Unique. Value of this column must in: [48.0, 47.9]
meteo_ssrd.longitude: The type is double precision, which does not include Null and is Non-Unique. Values format like: [5.2, 7.2, 9.8]
meteo_ssrd.time: The type is timestamp without time zone, which does not include Null and is Non-Unique. Value of this column must in: [datetime.datetime(1991, 1, 1, 0, 0)]
meteo_tmax.latitude: The type is double precision, which does not include Null and is Non-Unique. Value of this column must in: [48.0, 47.9]
meteo_tmax.longitude: The type is double precision, which does not include Null and is Non-Unique. Values format like: [8.9, 9.600000000000001, 9.3]
meteo_tmax.time: The type is timestamp without time zone, which does not include Null and is Non-Unique. Value of this column must in: [datetime.datetime(1991, 1, 1, 11, 30)]
meteo_tmean.latitude: The type is double precision, which does not include Null and is Non-Unique. Value of this column must in: [48.0, 47.9]
meteo_tmean.longitude: The type is double precision, which does not include Null and is Non-Unique. Values format like: [7.2, 5.1, 9.8]
meteo_tmean.time: The type is timestamp without time zone, which does not include Null and is Non-Unique. Value of this column must in: [datetime.datetime(1991, 1, 1, 11, 30)]
meteo_tmean.tmean: The type is real, which does not include Null and is Unique. Values format like: [275.80954, 274.16214, 276.67957]
meteo_tmin.latitude: The type is double precision, which does not include Null and is Non-Unique. Value of this column must in: [48.0, 47.9]
meteo_tmin.longitude: The type is double precision, which does not include Null and is Non-Unique. Values format like: [5.9, 5.0, 6.3]
meteo_tmin.time: The type is timestamp without time zone, which does not include Null and is Non-Unique. Value of this column must in: [datetime.datetime(1991, 1, 1, 11, 30)]
meteo_tp.latitude: The type is double precision, which does not include Null and is Non-Unique. Value of this column must in: [48.0, 47.9]
meteo_tp.longitude: The type is double precision, which does not include Null and is Non-Unique. Values format like: [6.6, 9.4, 6.4]
meteo_tp.time: The type is timestamp without time zone, which does not include Null and is Non-Unique. Value of this column must in: [datetime.datetime(1991, 1, 1, 0, 0)]
meteo_windspeedmax.latitude: The type is double precision, which does not include Null and is Non-Unique. Value of this column must in: [48.0, 47.9]
meteo_windspeedmax.longitude: The type is double precision, which does not include Null and is Non-Unique. Values format like: [10.600000000000001, 5.9, 10.7]
meteo_windspeedmax.time: The type is timestamp without time zone, which does not include Null and is Non-Unique. Value of this column must in: [datetime.datetime(1991, 1, 1, 11, 30)]

#Foreign keys:


#Values in Database:


/* Based on the database schema and the question, pay attention to the following */
1. For parts involving division that contain integer types, CAST them to NUMERIC (e.g., CAST(col AS NUMERIC) or col::numeric).
2. #values in db display part values from the database. Please ignore the unnecessary values.
3. If "#GEO_CONTEXT" is provided, use it as a spatial grounding constraint. Use only coordinates/bounds that appear in GEO_CONTEXT; do not invent place names or geometry values.
4. If "#ONTOLOGY_GROUNDED_FUNCTION" is provided, treat it as an executable semantic constraint package (thresholds, temporal logic, aggregation hints). Map it only to existing schema columns/functions.
5. When GEO/ontology context conflicts with schema feasibility, keep SQL executable and prioritize schema-valid expressions.
6. For landcover questions, never join landcover_upscaled to landcover_type directly on latitude/longitude. Expand landcover_upscaled.ranks first (UNNEST or generate_subscripts), then join level3 code.

Please rewrite the question to SQL-like query in the format: "Show #SELECT (table.column), WHERE condition are xxx (refer to #values), Group by/Order By (refer to columns). Here are 3 example: 

#SQL-like: Show top 5 cards.id, where condition is cards.spend>100, order by cards.spend. 
#SQL: SELECT id FROM cards WHERE spend > 100 ORDER BY spend LIMIT 5

#SQL-like: Show Count(PaperAuthor.Name), Where condition is Paper.Year = 0
#SQL: SELECT COUNT(T2.Name) FROM Paper AS T1 INNER JOIN PaperAuthor AS T2 ON T1.Id = T2.PaperId WHERE T1.Year = 0

#SQL-like: Show Author.Name, Where condition is Author.Affiliation = 'University of Oxford', Group By Author.Name Order By Author.spent
#SQL: SELECT Name FROM Author WHERE Affiliation = 'University of Oxford' Group By Name ORDER BY spent ASC

/* Answer the following: What is the first level landcover type with the highest annual average temperature in Canton Zurich in 2010? None */
Please answer the question in the following format without any other content:
```
#reason: Analyze how to generate SQL based on the question.(format: the question want to ..., so the SQL SELECT ... and ...)
#columns: All columns ultimately used in SQL(format: table.column_1, table.column_2)
#values: the filter in SQL (format: 'filter in question' refer to table.column: value. e.g. 'name is not tom' refer to name <> "tom", 2007 refer to EXTRACT(YEAR FROM Date) = 2007)
#SELECT: SELECT content (display in the order asked by the questions, do not display content not specified by the questions).
#SQL-like: SQL-like statements ignoring Join conditions
#SQL: SQL
```
#GEO_CONTEXT:
{
  "place": "Canton of Zurich",
  "points": [
    {
      "lon": "8.4",
      "lat": "47.4"
    },
    {
      "lon": "8.4",
      "lat": "47.5"
    },
    {
      "lon": "8.5",
      "lat": "47.3"
    },
    {
      "lon": "8.5",
      "lat": "47.4"
    },
    {
      "lon": "8.5",
      "lat": "47.5"
    },
    {
      "lon": "8.5",
      "lat": "47.6"
    },
    {
      "lon": "8.6",
      "lat": "47.3"
    },
    {
      "lon": "8.6",
      "lat": "47.4"
    },
    {
      "lon": "8.6",
      "lat": "47.5"
    },
    {
      "lon": "8.6",
      "lat": "47.6"
    },
    {
      "lon": "8.7",
      "lat": "47.2"
    },
    {
      "lon": "8.7",
      "lat": "47.3"
    },
    {
      "lon": "8.7",
      "lat": "47.4"
    },
    {
      "lon": "8.7",
      "lat": "47.5"
    },
    {
      "lon": "8.7",
      "lat": "47.6"
    },
    {
      "lon": "8.8",
      "lat": "47.3"
    },
    {
      "lon": "8.8",
      "lat": "47.4"
    },
    {
      "lon": "8.8",
      "lat": "47.5"
    }
  ],
  "resolution": "places_dict"
}
#ONTOLOGY_GROUNDED_FUNCTION:
{
  "schema_version": "ontology_grounded_function.v1",
  "question": "What is the first level landcover type with the highest annual average temperature in Canton Zurich in 2010? None",
  "anchor": "appliesToVariable",
  "target_variable": "",
  "hops": null,
  "semantic_chain": [],
  "function_specs": [
    {
      "name": "Threshold",
      "inputs": [
        "Variable"
      ],
      "semantics": "Apply explicit operator from ontology threshold config.",
      "pseudo_code_template": "ThresholdMatch := (Variable >= threshold_value)"
    }
  ],
  "composition_order": [
    "Threshold"
  ],
  "constraints": [
    "operator sourced from hasOperator",
    "threshold unit sourced from hasThresholdUnit",
    "duration sourced from hasDuration"
  ]
}


############################## AI at step align_correct ##############################

```
#reason: The question asks for the first-level landcover type with the highest annual average temperature in Canton Zurich in 2010. To answer this, we need to join landcover_upscaled (which contains latitude/longitude and landcover codes) with meteo_tmean (which contains annual average temperature values) and filter by the geographic bounds of Canton Zurich in 2010. Since landcover_upscaled does not directly store level1_label, we must first expand the ranks (assuming ranks contain level3 codes) and join with landcover_type via the level3 code to get level1_label. We then filter for the year 2010 using the time column and restrict to the provided latitude/longitude points in GEO_CONTEXT. Finally, we group by level1_label, compute the average temperature per type, and select the one with the highest value.
#columns: landcover_type.level1_label, meteo_tmean.tmean
#values: 'Canton Zurich' refer to meteo_tmean.latitude BETWEEN 47.2 AND 47.6 AND meteo_tmean.longitude BETWEEN 8.4 AND 8.8, 2010 refer to EXTRACT(YEAR FROM meteo_tmean.time) = 2010
#SELECT: landcover_type.level1_label
#SQL-like: Show landcover_type.level1_label, where condition is meteo_tmean.latitude between 47.2 and 47.6 and meteo_tmean.longitude between 8.4 and 8.8 and EXTRACT(YEAR FROM meteo_tmean.time) = 2010, Group By landcover_type.level1_label Order By AVG(meteo_tmean.tmean) DESC LIMIT 1
#SQL: SELECT lt.level1_label
FROM landcover_upscaled lu
JOIN (
    SELECT UNNEST(ARRAY[1,2,3,4,5,6,7,8,9,10,11,12,13,14,15,16,17,18]) AS rank_idx,
           UNNEST(ARRAY[1,2,3,4,5,6,7,8,9,10,11,12,13,14,15,16,17,18]) AS rank_val
) AS ranks ON ranks.rank_idx = generate_subscripts(lu.ranks, 1)
JOIN landcover_type lt ON lt.level3_code = lu.ranks[ranks.rank_idx]
JOIN meteo_tmean mt ON mt.latitude = lu.latitude AND mt.longitude = lu.longitude
WHERE mt.latitude BETWEEN 47.2 AND 47.6
  AND mt.longitude BETWEEN 8.4 AND 8.8
  AND EXTRACT(YEAR FROM mt.time) = 2010
GROUP BY lt.level1_label
ORDER BY AVG(mt.tmean) DESC
LIMIT 1;
```

